Device_Name,IP_Address,Frequency,,,,,,
4093 Crane C9 .96,10.4.93.96,None,,,,,,
4093 Crane C9 .95,10.4.93.95,915,,,,,,
4093 Crane C9 .94,10.4.93.94,906,,,,,,
4093 Crane C9 .93,10.4.93.93,924,,,,,,
4093 Crane C9 .92,10.4.93.92,915,,,,,,
4093 Crane C9 .91,10.4.93.91,906,,,,,,
4093 Crane RM5 .51,10.4.93.51,5240,,,,,,
4093 Crane NBM365 .32,10.4.93.32,3666,,,,,,
4093 Crane RM365 .31,10.4.93.31,3656,,,,,,
4093 Crane C2 .20,10.4.93.20,2415,,,,,,
4091 Union City C9 .95,10.4.91.95,906,,,,,,
4091 Union City C9 .94,10.4.91.94,None,,,,,,
4091 Union City C9 .93,10.4.91.93,915,,,,,,
4091 Union City C9 .92,10.4.91.92,906,,,,,,
4091 Union City C2 .25,10.4.91.25,2457,,,,,,
4091 Union City C2 .23,10.4.91.23,2437,,,,,,
4091 Union City C2 .22,10.4.91.22,2457,,,,,,
4091 Union City C2 .20,10.4.91.20,2415,,,,,,
4009 Billings C9 .96,10.4.9.96,906,,,,,,
4009 Billings C9 .90,10.4.9.90,915,,,,,,
4009 Billings PBEM5 .56,10.4.9.56,5760,,,,,,
4009 Billings C2 .26,10.4.9.26,2415,,,,,,
4009 Billings C2 .25,10.4.9.25,2437,,,,,,
4009 Billings C2 .24,10.4.9.24,2415,,,,,,
4009 Billings C2 .23,10.4.9.23,2437,,,,,,
4009 Billings C2 .22,10.4.9.22,2457,,,,,,
4009 Billings C2 .21,10.4.9.21,2437,,,,,,
4084 Holiday Island C9+ .94,10.4.84.94,924.5,,,,,,
4084 Holiday Island NSM365 .31,10.4.84.31,3661,,,,,,
4084 Holiday Island C2 .20,10.4.84.20,2450,,,,,,
4077 Harvest Hill C9+ .99,10.4.77.99,905.5,,,,,,
4077 Harvest Hill C9 .94,10.4.77.94,906,,,,,,
4077 Harvest Hill C9+ .93,10.4.77.93,923,,,,,,
4077 Harvest Hill C9 .91,10.4.77.91,915,,,,,,
4077 Harvest Hill RM2 .20,10.4.77.20,2412,,,,,,
4007 Clever C9+ .94,10.4.7.94,924.5,,,,,,
4007 Clever C9+ .93,10.4.7.93,905.5,,,,,,
4007 Clever C9+ .92,10.4.7.92,924.5,,,,,,
4007 Clever C9+ .91,10.4.7.91,905.5,,,,,,
4007 Clever RM5 .59,10.4.7.59,5190,,,,,,
4007 Clever RM5 .58,10.4.7.58,5215,,,,,,
4007 Clever RM5 .57,10.4.7.57,5245,,,,,,
4007 Clever C5 .56,10.4.7.56,5820,,,,,,
4007 Clever C5 .55,10.4.7.55,5800,,,,,,
4007 Clever C5 .54,10.4.7.54,5820,,,,,,
4007 Clever C5 .53,10.4.7.53,5840,,,,,,
4007 Clever C5 .52,10.4.7.52,5800,,,,,,
4007 Clever C5 .51,10.4.7.51,5840,,,,,,
4007 Clever C5 .50,10.4.7.50,5740,,,,,,
4007 Clever NSM365 .32,10.4.7.32,3656,,,,,,
4007 Clever C2 .26,10.4.7.26,2457,,,,,,
4007 Clever C2 .25,10.4.7.25,2415,,,,,,
4007 Clever C2 .24,10.4.7.24,2457,,,,,,
4007 Clever C2 .23,10.4.7.23,2415,,,,,,
4007 Clever C2 .22,10.4.7.22,2457,,,,,,
4007 Clever C2 .21,10.4.7.21,2415,,,,,,
4067 Hwy ZZ C9 .96,10.4.67.96,None,,,,,,
4067 Hwy ZZ C9 .95,10.4.67.95,915,,,,,,
4067 Hwy ZZ C9 .94,10.4.67.94,906,,,,,,
4067 Hwy ZZ C9 .93,10.4.67.93,924,,,,,,
4067 Hwy ZZ C9 .92,10.4.67.92,915,,,,,,
4067 Hwy ZZ C9 .91,10.4.67.91,906,,,,,,
4067 Hwy ZZ RM5 .50,10.4.67.50,5740,,,,,,
4064 Flat Creek C9 .96,10.4.64.96,924,,,,,,
4064 Flat Creek C9 .95,10.4.64.95,913,,,,,,
4064 Flat Creek C9 .94,10.4.64.94,906,,,,,,
4064 Flat Creek C9 .93,10.4.64.93,924,,,,,,
4064 Flat Creek C9 .92,10.4.64.92,None,,,,,,
4064 Flat Creek C9 .91,10.4.64.91,906,,,,,,
4064 Flat Creek RM2 .20,10.4.64.20,2414,,,,,,
4063 Fun in the Son RM365 .36,10.4.63.36,3656,,,,,,
4063 Fun in the Son RM365 .34,10.4.63.34,3666,,,,,,
4063 Fun in the Son RM365 .31,10.4.63.31,3671,,,,,,
4060 Hootentown C9+ .99,10.4.60.99,907,,,,,,
4060 Hootentown C2 .22,10.4.60.22,2457,,,,,,
4060 Hootentown C2 .20,10.4.60.20,2415,,,,,,
4059 Staiger C9 .90,10.4.59.90,915,,,,,,
4059 Staiger RM5 .50,10.4.59.50,5780,,,,,,
4055 Smith C9 .94,10.4.55.94,924,,,,,,
4055 Smith C9 .91,10.4.55.91,None,,,,,,
4055 Smith C9 .90,10.4.55.90,915,,,,,,
4055 Smith PBEM5 .59,10.4.55.59,5840,,,,,,
4055 Smith NSM5 .50,10.4.55.50,5745,,,,,,
4055 Smith C2 .26,10.4.55.26,2415,,,,,,
4055 Smith C2 .25,10.4.55.25,2435,,,,,,
4055 Smith C2 .24,10.4.55.24,2455,,,,,,
4055 Smith C2 .23,10.4.55.23,2415,,,,,,
4055 Smith C2 .22,10.4.55.22,2437,,,,,,
4055 Smith C2 .21,10.4.55.21,2455,,,,,,
4054 Wheaton C9 .95,10.4.54.95,915,,,,,,
4054 Wheaton C9 .90,10.4.54.90,906,,,,,,
4054 Wheaton RM2 .20,10.4.54.20,2457,,,,,,
4053 Cassville C9+ .94,10.4.53.94,907,,,,,,
4053 Cassville C9+ .93,10.4.53.93,923,,,,,,
4053 Cassville C9+ .92,10.4.53.92,907,,,,,,
4053 Cassville C9+ .91,10.4.53.91,923,,,,,,
4053 Cassville RM2 .20,10.4.53.20,2429,,,,,,
4052 Butterfield RM5 .53,10.4.52.53,5180,,,,,,
4051 Purdy C9 .99,10.4.51.99,None,,,,,,
4051 Purdy C9 .96,10.4.51.96,924,,,,,,
4051 Purdy C9 .95,10.4.51.95,915,,,,,,
4051 Purdy C9 .94,10.4.51.94,906,,,,,,
4051 Purdy C9 .93,10.4.51.93,924,,,,,,
4051 Purdy C9 .92,10.4.51.92,915,,,,,,
4051 Purdy C9 .91,10.4.51.91,906,,,,,,
4051 Purdy C5 .50,10.4.51.50,5300,,,,,,
4051 Purdy RM365 .30,10.4.51.30,3661,,,,,,
4051 Purdy C9 .24,10.4.51.24,None,,,,,,
4051 Purdy C9 .23,10.4.51.23,None,,,,,,
4051 Purdy C9 .22,10.4.51.22,None,,,,,,
4051 Purdy RM2 .20,10.4.51.20,2412,,,,,,
4050 Lowes C9 .94,10.4.50.94,924,,,,,,
4050 Lowes C9 .93,10.4.50.93,915,,,,,,
4050 Lowes C9 .92,10.4.50.92,924,,,,,,
4050 Lowes C9 .90,10.4.50.90,906,,,,,,
4050 Lowes PBEM5 .59,10.4.50.59,5200,,,,,,
4050 Lowes NSM5 .57,10.4.50.57,5155,,,,,,
4050 Lowes C5 .56,10.4.50.56,5325,,,,,,
4050 Lowes C5 .55,10.4.50.55,5300,,,,,,
4050 Lowes C5 .54,10.4.50.54,5275,,,,,,
4050 Lowes C5 .53,10.4.50.53,5325,,,,,,
4050 Lowes C5 .52,10.4.50.52,5300,,,,,,
4050 Lowes C5 .51,10.4.50.51,5275,,,,,,
4050 Lowes NSM365 .34,10.4.50.34,3666,,,,,,
4050 Lowes RM2 .20,10.4.50.20,2462,,,,,,
4005 Riverfork C9 .96,10.4.5.96,924,,,,,,
4005 Riverfork C9 .95,10.4.5.95,906,,,,,,
4005 Riverfork C9 .94,10.4.5.94,924,,,,,,
4005 Riverfork C9 .93,10.4.5.93,906,,,,,,
4005 Riverfork C9 .92,10.4.5.92,924,,,,,,
4005 Riverfork C9 .91,10.4.5.91,906,,,,,,
4005 Riverfork C9 .90,10.4.5.90,915,,,,,,
4005 Riverfork PBEM5 .56,10.4.5.56,5320,,,,,,
4005 Riverfork RM5 .54,10.4.5.54,5800,,,,,,
4005 Riverfork C5 .50,10.4.5.50,5275,,,,,,
4005 Riverfork RM365 .30,10.4.5.30,3661,,,,,,
4005 Riverfork NSM2 .26,10.4.5.26,2452,,,,,,
4048 Monett S C9 .96,10.4.48.96,924,,,,,,
4048 Monett S C9 .95,10.4.48.95,915,,,,,,
4048 Monett S C9 .94,10.4.48.94,906,,,,,,
4048 Monett S C9 .93,10.4.48.93,924,,,,,,
4048 Monett S C9 .92,10.4.48.92,915,,,,,,
4048 Monett S C9 .91,10.4.48.91,906,,,,,,
4048 Monett S C5 .55,10.4.48.55,5280,,,,,,
4048 Monett S RM5 .54,10.4.48.54,5170,,,,,,
4048 Monett S RM5 .53,10.4.48.53,5185,,,,,,
4048 Monett S RM5 .51,10.4.48.51,5155,,,,,,
4048 Monett S C5 .50,10.4.48.50,5310,,,,,,
4047 Connectel C9 .96,10.4.47.96,924,,,,,,
4047 Connectel C9 .95,10.4.47.95,906,,,,,,
4047 Connectel C9 .94,10.4.47.94,None,,,,,,
4047 Connectel C9 .93,10.4.47.93,915,,,,,,
4047 Connectel C9 .92,10.4.47.92,906,,,,,,
4047 Connectel C9 .91,10.4.47.91,None,,,,,,
4047 Connectel PBEM5 .57,10.4.47.57,5800,,,,,,
4047 Connectel C5 .56,10.4.47.56,5325,,,,,,
4047 Connectel C5 .55,10.4.47.55,5300,,,,,,
4047 Connectel C5 .54,10.4.47.54,5275,,,,,,
4047 Connectel C5 .53,10.4.47.53,5325,,,,,,
4047 Connectel C5 .52,10.4.47.52,5300,,,,,,
4047 Connectel C5 .51,10.4.47.51,5275,,,,,,
4047 Connectel NSM2 .26,10.4.47.26,2464,,,,,,
4034 Delaware Town C9 .96,10.4.34.96,924,,,,,,
4034 Delaware Town C9 .95,10.4.34.95,906,,,,,,
4034 Delaware Town C9 .94,10.4.34.94,906,,,,,,
4034 Delaware Town C9 .93,10.4.34.93,924,,,,,,
4034 Delaware Town C9 .92,10.4.34.92,915,,,,,,
4034 Delaware Town C9 .91,10.4.34.91,906,,,,,,
4034 Delaware Town C5 .56,10.4.34.56,5325,,,,,,
4034 Delaware Town C5 .55,10.4.34.55,5300,,,,,,
4034 Delaware Town C5 .54,10.4.34.54,5275,,,,,,
4034 Delaware Town C5 .53,10.4.34.53,5325,,,,,,
4034 Delaware Town C5 .52,10.4.34.52,5300,,,,,,
4034 Delaware Town C5 .51,10.4.34.51,5275,,,,,,
4033 Aurora C9 .95,10.4.33.95,915,,,,,,
4033 Aurora C9 .94,10.4.33.94,906,,,,,,
4033 Aurora C9 .93,10.4.33.93,915,,,,,,
4033 Aurora C9 .90,10.4.33.90,924,,,,,,
4033 Aurora C5 .56,10.4.33.56,5275,,,,,,
4033 Aurora C5 .50,10.4.33.50,5300,,,,,,
4033 Aurora PBEM2 .26,10.4.33.26,2419,,,,,,
4031 Island Green NSM5 .52,10.4.31.52,5160,,,,,,
4031 Island Green C5 .50,10.4.31.50,5325,,,,,,
4028 Stonegate C9 .91,10.4.28.91,None,,,,,,
4028 Stonegate RM2 .20,10.4.28.20,2462,,,,,,
4247 Nixa Office C9 .94,10.4.247.94,924,,,,,,
4247 Nixa Office NSM5 .52,10.4.247.52,5165,,,,,,
4021 SW CU C9 .93,10.4.21.93,None,,,,,,
4021 SW CU C9 .91,10.4.21.91,924,,,,,,
4021 SW CU C9 .90,10.4.21.90,906,,,,,,
4021 SW CU C5 .57,10.4.21.57,5325,,,,,,
4021 SW CU PBEM5 .56,10.4.21.56,5660,,,,,,
4021 SW CU RM5 .55,10.4.21.55,5235,,,,,,
4021 SW CU PBEM5 .54,10.4.21.54,5240,,,,,,
4021 SW CU RM5 .53,10.4.21.53,5185,,,,,,
4021 SW CU RM5 .51,10.4.21.51,5160,,,,,,
4021 SW CU C5 .50,10.4.21.50,5275,,,,,,
4021 SW CU RM2 .21,10.4.21.21,2452,,,,,,
4021 SW CU PBEM5 .102,10.4.21.102,5210,,,,,,
4021 SW CU PBEM5 .101,10.4.21.101,5210,,,,,,
4002 Garner Garner Relay C9 450i SE 157 Degrees,10.4.2.93,None,,,,,,
4181 Gugel RM5 .50,10.4.181.50,5300,,,,,,
4176 Dam C9 .96,10.4.176.96,916,,,,,,
4176 Dam C9 .95,10.4.176.95,924,,,,,,
4176 Dam C9 .92,10.4.176.92,None,,,,,,
4176 Dam C9 .91,10.4.176.91,910,,,,,,
4176 Dam PBEM5 .53,10.4.176.53,5190,,,,,,
4176 Dam RM365 .30,10.4.176.30,3661,,,,,,
4175 Turkey C9+ .94,10.4.175.94,924.5,,,,,,
4175 Turkey C9+ .93,10.4.175.93,905.5,,,,,,
4175 Turkey C9+ .92,10.4.175.92,924.5,,,,,,
4175 Turkey C9+ .91,10.4.175.91,905.5,,,,,,
4175 Turkey RM5 .53,10.4.175.53,5240,,,,,,
4175 Turkey RM5 .52,10.4.175.52,5200,,,,,,
4175 Turkey RM5 .51,10.4.175.51,5160,,,,,,
4175 Turkey CE2 .24,10.4.175.24,2412,,,,,,
4175 Turkey CE2 .23,10.4.175.23,2457,,,,,,
4175 Turkey CE2 .22,10.4.175.22,2412,,,,,,
4175 Turkey CE2 .21,10.4.175.21,2457,,,,,,
4173 McCord Bend C9+ .93,10.4.173.93,907,,,,,,
4173 McCord Bend C9+ .91,10.4.173.91,923,,,,,,
4173 McCord Bend RM2 .20,10.4.173.20,2412,,,,,,
4172 Exeter C9 .90,10.4.172.90,907,,,,,,
4172 Exeter RM2 .20,10.4.172.20,2452,,,,,,
4171 Fairview C9 .95,10.4.171.95,924,,,,,,
4171 Fairview C9 .93,10.4.171.93,915,,,,,,
4171 Fairview C9 .91,10.4.171.91,906,,,,,,
4171 Fairview RM365 .30,10.4.171.30,3666,,,,,,
4169 TT39 C9+ .94,10.4.169.94,923,,,,,,
4169 TT39 C9+ .93,10.4.169.93,905.5,,,,,,
4169 TT39 C9+ .92,10.4.169.92,923,,,,,,
4169 TT39 C9+ .91,10.4.169.91,913,,,,,,
4169 TT39 RM5 .50,10.4.169.50,5200,,,,,,
4166 Jamesville NSM5 .59,10.4.166.59,5155,,,,,,
4166 Jamesville RM2 .20,10.4.166.20,2437,,,,,,
4165 Hurley C9+ .94,10.4.165.94,918,,,,,,
4165 Hurley C9+ .93,10.4.165.93,907,,,,,,
4165 Hurley C9+ .92,10.4.165.92,918,,,,,,
4165 Hurley C9+ .91,10.4.165.91,907,,,,,,
4165 Hurley CE2 .24,10.4.165.24,2462,,,,,,
4165 Hurley CE2 .23,10.4.165.23,2412,,,,,,
4165 Hurley CE2 .22,10.4.165.22,2462,,,,,,
4165 Hurley CE2 .21,10.4.165.21,2412,,,,,,
4159 Abesville C9+ .94,10.4.159.94,924.5,,,,,,
4159 Abesville C9+ .93,10.4.159.93,905.5,,,,,,
4159 Abesville C9+ .92,10.4.159.92,924.5,,,,,,
4159 Abesville C9+ .91,10.4.159.91,905.5,,,,,,
4159 Abesville CE2 .24,10.4.159.24,2462,,,,,,
4159 Abesville CE2 .23,10.4.159.23,2412,,,,,,
4159 Abesville CE2 .22,10.4.159.22,2462,,,,,,
4159 Abesville CE2 .21,10.4.159.21,2412,,,,,,
4147 Blue Eye C9 .96,10.4.147.96,None,,,,,,
4147 Blue Eye C9 .95,10.4.147.95,915,,,,,,
4147 Blue Eye C9 .94,10.4.147.94,906,,,,,,
4147 Blue Eye C9 .93,10.4.147.93,None,,,,,,
4147 Blue Eye C9 .92,10.4.147.92,None,,,,,,
4147 Blue Eye C9 .91,10.4.147.91,None,,,,,,
4147 Blue Eye C2 .20,10.4.147.20,2437,,,,,,
4146 Maples Silo C9+ .96,10.4.146.96,924.5,,,,,,
4144 Spitfire C9 .96,10.4.144.96,906,,,,,,
4144 Spitfire C9 .95,10.4.144.95,916,,,,,,
4144 Spitfire C9 .94,10.4.144.94,906,,,,,,
4144 Spitfire C9 .93,10.4.144.93,None,,,,,,
4144 Spitfire C9 .92,10.4.144.92,None,,,,,,
4144 Spitfire C9 .91,10.4.144.91,None,,,,,,
4144 Spitfire RM5 .55,10.4.144.55,5235,,,,,,
4144 Spitfire RM5 .53,10.4.144.53,5180,,,,,,
4144 Spitfire RM5 .51,10.4.144.51,5155,,,,,,
4144 Spitfire RM2 .25,10.4.144.25,2464,,,,,,
4140 Possum Trot C9 .96,10.4.140.96,918,,,,,,
4140 Possum Trot C9 .95,10.4.140.95,None,,,,,,
4140 Possum Trot C9 .94,10.4.140.94,906,,,,,,
4140 Possum Trot C9 .93,10.4.140.93,924,,,,,,
4140 Possum Trot C9 .92,10.4.140.92,906,,,,,,
4140 Possum Trot C9 .91,10.4.140.91,None,,,,,,
4140 Possum Trot RM5 .55,10.4.140.55,5235,,,,,,
4140 Possum Trot RM5 .53,10.4.140.53,5220,,,,,,
4140 Possum Trot RM5 .51,10.4.140.51,5165,,,,,,
4138 Falcon C9 .96,10.4.138.96,924,,,,,,
4138 Falcon C9 .95,10.4.138.95,915,,,,,,
4138 Falcon C9 .94,10.4.138.94,None,,,,,,
4138 Falcon C9 .93,10.4.138.93,None,,,,,,
4138 Falcon C9 .92,10.4.138.92,None,,,,,,
4138 Falcon C9 .91,10.4.138.91,906,,,,,,
4138 Falcon C2 .26,10.4.138.26,2450,,,,,,
4138 Falcon C2 .20,10.4.138.20,2432,,,,,,
4137 Haseltine Rd C9 .96,10.4.137.96,924,,,,,,
4137 Haseltine Rd C9 .95,10.4.137.95,915,,,,,,
4137 Haseltine Rd C9 .94,10.4.137.94,906,,,,,,
4137 Haseltine Rd C9 .93,10.4.137.93,924,,,,,,
4137 Haseltine Rd C9 .92,10.4.137.92,915,,,,,,
4137 Haseltine Rd C9 .91,10.4.137.91,906,,,,,,
4137 Haseltine Rd PBEM5 .56,10.4.137.56,5225,,,,,,
4137 Haseltine Rd RM5 .52,10.4.137.52,5220,,,,,,
4137 Haseltine Rd NBM365 .39,10.4.137.39,3661,,,,,,
4137 Haseltine Rd C2 .26,10.4.137.26,2437,,,,,,
4137 Haseltine Rd C2 .21,10.4.137.21,2457,,,,,,
4137 Haseltine Rd C2 .20,10.4.137.20,2415,,,,,,
4127 Black Oak Mtn C9 .96,10.4.127.96,906,,,,,,
4127 Black Oak Mtn C9 .95,10.4.127.95,None,,,,,,
4127 Black Oak Mtn C9 .94,10.4.127.94,906,,,,,,
4127 Black Oak Mtn C9 .90,10.4.127.90,924,,,,,,
4127 Black Oak Mtn RM5 .53,10.4.127.53,5275,,,,,,
4127 Black Oak Mtn NSM365 .34,10.4.127.34,3661,,,,,,
4127 Black Oak Mtn RM2 .29,10.4.127.29,2417,,,,,,
4127 Black Oak Mtn RM2 .21,10.4.127.21,2437,,,,,,
4127 Black Oak Mtn C9 .20,10.4.127.20,None,,,,,,
4125 Cape Fair C9 .96,10.4.125.96,924,,,,,,
4125 Cape Fair C9 .95,10.4.125.95,915,,,,,,
4125 Cape Fair C9 .94,10.4.125.94,906,,,,,,
4125 Cape Fair C9 .92,10.4.125.92,None,,,,,,
4125 Cape Fair C9 .91,10.4.125.91,906,,,,,,
4125 Cape Fair C5 .50,10.4.125.50,5300,,,,,,
4125 Cape Fair RM2 .26,10.4.125.26,2464,,,,,,
4125 Cape Fair RM2 .23,10.4.125.23,2412,,,,,,
4125 Cape Fair RM2 .21,10.4.125.21,2437,,,,,,
4124 Reeds Spring C9 .96,10.4.124.96,924,,,,,,
4124 Reeds Spring C9 .95,10.4.124.95,915,,,,,,
4124 Reeds Spring C9 .94,10.4.124.94,906,,,,,,
4124 Reeds Spring C9 .93,10.4.124.93,None,,,,,,
4124 Reeds Spring C9 .92,10.4.124.92,915,,,,,,
4124 Reeds Spring C9 .91,10.4.124.91,906,,,,,,
4124 Reeds Spring RM5 .59,10.4.124.59,5160,,,,,,
4124 Reeds Spring C5 .55,10.4.124.55,5325,,,,,,
4124 Reeds Spring RM5 .54,10.4.124.54,5550,,,,,,
4124 Reeds Spring C5 .50,10.4.124.50,5275,,,,,,
4123 Draper C9 .96,10.4.123.96,915,,,,,,
4123 Draper C9 .93,10.4.123.93,906,,,,,,
4123 Draper C9 .90,10.4.123.90,924,,,,,,
4123 Draper C2 .20,10.4.123.20,2457,,,,,,
4121 Tablerock Healthcare C9 .96,10.4.121.96,924,,,,,,
4121 Tablerock Healthcare C9 .95,10.4.121.95,915,,,,,,
4121 Tablerock Healthcare C9 .94,10.4.121.94,906,,,,,,
4121 Tablerock Healthcare C9 .93,10.4.121.93,924,,,,,,
4121 Tablerock Healthcare C5 .59,10.4.121.59,5325,,,,,,
4121 Tablerock Healthcare PBEM5 .56,10.4.121.56,5795,,,,,,
4121 Tablerock Healthcare RM5 .55,10.4.121.55,5235,,,,,,
4121 Tablerock Healthcare RM5 .53,10.4.121.53,5510,,,,,,
4121 Tablerock Healthcare RM5 .51,10.4.121.51,5220,,,,,,
4121 Tablerock Healthcare C5 .50,10.4.121.50,5275,,,,,,
4121 Tablerock Healthcare C2 .20,10.4.121.20,2415,,,,,,
4120 Ranch Run A Muck C9 .96,10.4.120.96,924,,,,,,
4120 Ranch Run A Muck C9 .95,10.4.120.95,915,,,,,,
4120 Ranch Run A Muck C9 .94,10.4.120.94,906,,,,,,
4120 Ranch Run A Muck C9 .93,10.4.120.93,924,,,,,,
4120 Ranch Run A Muck C9 .92,10.4.120.92,915,,,,,,
4120 Ranch Run A Muck C9 .91,10.4.120.91,906,,,,,,
4120 Ranch Run A Muck NSM5 .51,10.4.120.51,5745,,,,,,
4120 Ranch Run A Muck C2+ .27,10.4.120.27,2445,,,,,,
4120 Ranch Run A Muck C2+ .26,10.4.120.26,2470,,,,,,
4120 Ranch Run A Muck PBEM2 .24,10.4.120.24,2462,,,,,,
4120 Ranch Run A Muck C2 .20,10.4.120.20,2425,,,,,,
4119 Rocky Top C9 .96,10.4.119.96,None,,,,,,
4119 Rocky Top C9 .95,10.4.119.95,None,,,,,,
4119 Rocky Top C9 .94,10.4.119.94,None,,,,,,
4119 Rocky Top C9 .93,10.4.119.93,924,,,,,,
4119 Rocky Top C9 .92,10.4.119.92,None,,,,,,
4119 Rocky Top C9 .91,10.4.119.91,None,,,,,,
4119 Rocky Top RM365 .33,10.4.119.33,3666,,,,,,
4119 Rocky Top RM365 .30,10.4.119.30,3656,,,,,,
4115 The Oaks C9 .96,10.4.115.96,924,,,,,,
4115 The Oaks C9 .94,10.4.115.94,None,,,,,,
4115 The Oaks C9 .91,10.4.115.91,906,,,,,,
4115 The Oaks C9 .90,10.4.115.90,915,,,,,,
4115 The Oaks NSM2 .23,10.4.115.23,2457,,,,,,
4115 The Oaks C2 .20,10.4.115.20,2435,,,,,,
4114 Shell Knob C9 .90,10.4.114.90,915,,,,,,
4114 Shell Knob C2 .20,10.4.114.20,2440,,,,,,
4113 Golden C9+ .94,10.4.113.94,924.5,,,,,,
4113 Golden C9+ .93,10.4.113.93,905.5,,,,,,
4113 Golden C9+ .92,10.4.113.92,923,,,,,,
4113 Golden C9+ .91,10.4.113.91,905.5,,,,,,
4113 Golden RM5 .50,10.4.113.50,5230,,,,,,
4113 Golden C2 .26,10.4.113.26,2457,,,,,,
4113 Golden C2 .25,10.4.113.25,2437,,,,,,
4113 Golden C2 .24,10.4.113.24,2415,,,,,,
4113 Golden C2 .23,10.4.113.23,2457,,,,,,
4113 Golden C2 .22,10.4.113.22,2435,,,,,,
4113 Golden C2 .21,10.4.113.21,2415,,,,,,
4111 Burk C9 .90,10.4.111.90,924,,,,,,
4111 Burk RM5 .50,10.4.111.50,5205,,,,,,
4111 Burk RM2 .20,10.4.111.20,2422,,,,,,
4109 Oak Grove C9 .90,10.4.109.90,906,,,,,,
4109 Oak Grove RM365 .30,10.4.109.30,3656,,,,,,
4109 Oak Grove PBEM2 .28,10.4.109.28,2462,,,,,,
4107 Emerald Beach C9 .91,10.4.107.91,915,,,,,,
4107 Emerald Beach C9 .90,10.4.107.90,906,,,,,,
4107 Emerald Beach RM2 .20,10.4.107.20,2437,,,,,,
4106 Lampe C9 .90,10.4.106.90,915,,,,,,
4106 Lampe C2 .20,10.4.106.20,2415,,,,,,
4001 Able Road RM365 .33,10.4.1.33,3656,,,,,,
4001 Able Road RM365 .32,10.4.1.32,3671,,,,,,
4001 Able Road RM365 .31,10.4.1.31,3671,,,,,,
4001 Able Road NSM2 .29,10.4.1.29,2464,,,,,,
3099 Woods C9 .97,10.3.99.97,924,,,,,,
3099 Woods C9 .90,10.3.99.90,906,,,,,,
3099 Woods C2 .21,10.3.99.21,2457,,,,,,
3099 Woods C2 .20,10.3.99.20,2415,,,,,,
3094 Hwy W C9+ .99,10.3.94.99,923,,,,,,
3094 Hwy W C9 .95,10.3.94.95,None,,,,,,
3094 Hwy W C9 .94,10.3.94.94,None,,,,,,
3094 Hwy W C9 .90,10.3.94.90,906,,,,,,
3094 Hwy W PBEM5 .56,10.3.94.56,5200,,,,,,
3094 Hwy W C5 .50,10.3.94.50,5800,,,,,,
3066 Mansfield SW C9 .94,10.3.66.94,915,,,,,,
3066 Mansfield SW C9 .90,10.3.66.90,906,,,,,,
3066 Mansfield SW RM2 .20,10.3.66.20,2412,,,,,,
3062 Aquawells C9+ .95,10.3.62.95,907,,,,,,
3062 Aquawells C9 .90,10.3.62.90,915,,,,,,
3062 Aquawells RM5 .59,10.3.62.59,5245,,,,,,
3062 Aquawells C5 .50,10.3.62.50,5735,,,,,,
3062 Aquawells PBEM2 .29,10.3.62.29,2462,,,,,,
3006 Highlandville C9 .99,10.3.6.99,915,,,,,,
3006 Highlandville C9 .96,10.3.6.96,924,,,,,,
3006 Highlandville C9 .95,10.3.6.95,906,,,,,,
3006 Highlandville C9 .94,10.3.6.94,924,,,,,,
3006 Highlandville C9 .93,10.3.6.93,906,,,,,,
3006 Highlandville C9 .92,10.3.6.92,924,,,,,,
3006 Highlandville C9 .91,10.3.6.91,906,,,,,,
3006 Highlandville NSM5 .56,10.3.6.56,5775,,,,,,
3006 Highlandville RM5 .55,10.3.6.55,5155,,,,,,
3006 Highlandville RM5 .51,10.3.6.51,5520,,,,,,
3006 Highlandville RM365 .34,10.3.6.34,3661,,,,,,
3006 Highlandville C2 .25,10.3.6.25,2417,,,,,,
3006 Highlandville C2 .24,10.3.6.24,2457,,,,,,
3006 Highlandville C2 .23,10.3.6.23,2415,,,,,,
3006 Highlandville C2 .22,10.3.6.22,2457,,,,,,
3006 Highlandville C2 .20,10.3.6.20,2435,,,,,,
3004 Nixa C9 .94,10.3.4.94,924,,,,,,
3004 Nixa C9 .93,10.3.4.93,924,,,,,,
3004 Nixa C9 .90,10.3.4.90,906,,,,,,
3004 Nixa C5 .59,10.3.4.59,5670,,,,,,
3004 Nixa PBEM5 .55,10.3.4.55,5735,,,,,,
3004 Nixa PBEM5 .54,10.3.4.54,5750,,,,,,
3004 Nixa PBEM5 .53,10.3.4.53,5780,,,,,,
3004 Nixa C5 .52,10.3.4.52,5780,,,,,,
3004 Nixa RM5 .50,10.3.4.50,5830,,,,,,
3004 Nixa NSM2 .24,10.3.4.24,2422,,,,,,
3035 Macomb C9 .96,10.3.35.96,924,,,,,,
3035 Macomb C9 .95,10.3.35.95,915,,,,,,
3035 Macomb C9 .94,10.3.35.94,906,,,,,,
3035 Macomb C9 .93,10.3.35.93,924,,,,,,
3035 Macomb C9 .92,10.3.35.92,None,,,,,,
3035 Macomb C9 .91,10.3.35.91,906,,,,,,
3035 Macomb PBEM5 .54,10.3.35.54,5170,,,,,,
3035 Macomb C5 .50,10.3.35.50,5735,,,,,,
3035 Macomb NSM365 .35,10.3.35.35,3666,,,,,,
3035 Macomb PBEM2 .23,10.3.35.23,2412,,,,,,
3035 Macomb C2 .20,10.3.35.20,2457,,,,,,
3032 Frosty C9 .96,10.3.32.96,915,,,,,,
3032 Frosty C9 .95,10.3.32.95,906,,,,,,
3032 Frosty C9 .94,10.3.32.94,924,,,,,,
3032 Frosty C9 .93,10.3.32.93,906,,,,,,
3032 Frosty C9 .92,10.3.32.92,924,,,,,,
3032 Frosty C9 .91,10.3.32.91,906,,,,,,
3032 Frosty NSM5 .54,10.3.32.54,5730,,,,,,
3032 Frosty PBEM5 .53,10.3.32.53,5570,,,,,,
3032 Frosty PBEM5 .52,10.3.32.52,5160,,,,,,
3032 Frosty NSM365 .39,10.3.32.39,3656,,,,,,
3032 Frosty C2 .26,10.3.32.26,2457,,,,,,
3032 Frosty C2 .25,10.3.32.25,2437,,,,,,
3032 Frosty C2 .24,10.3.32.24,2415,,,,,,
3032 Frosty C2 .23,10.3.32.23,2457,,,,,,
3032 Frosty C2 .22,10.3.32.22,2437,,,,,,
3032 Frosty C2 .21,10.3.32.21,2415,,,,,,
3003 Twin Oaks C9 .95,10.3.3.95,906,,,,,,
3003 Twin Oaks C9 .94,10.3.3.94,None,,,,,,
3003 Twin Oaks C9 .93,10.3.3.93,None,,,,,,
3003 Twin Oaks PBEM5 .59,10.3.3.59,5680,,,,,,
3003 Twin Oaks RM5 .56,10.3.3.56,5235,,,,,,
3003 Twin Oaks NBM5 .55,10.3.3.55,5180,,,,,,
3003 Twin Oaks RM5 .53,10.3.3.53,5200,,,,,,
3003 Twin Oaks RM5 .51,10.3.3.51,5165,,,,,,
3003 Twin Oaks C5 .50,10.3.3.50,5300,,,,,,
3025 Rogersville C9 .97,10.3.25.97,915,,,,,,
3025 Rogersville C9 .96,10.3.25.96,906,,,,,,
3025 Rogersville C9 .95,10.3.25.95,924,,,,,,
3025 Rogersville C9 .94,10.3.25.94,906,,,,,,
3025 Rogersville C9 .93,10.3.25.93,924,,,,,,
3025 Rogersville C9 .92,10.3.25.92,906,,,,,,
3025 Rogersville C9 .91,10.3.25.91,924,,,,,,
3025 Rogersville C5 .59,10.3.25.59,5300,,,,,,
3025 Rogersville RM5 .55,10.3.25.55,5210,,,,,,
3025 Rogersville RM5 .53,10.3.25.53,5740,,,,,,
3025 Rogersville RM5 .51,10.3.25.51,5165,,,,,,
3025 Rogersville C5 .50,10.3.25.50,5275,,,,,,
3024 Mansfield C9 .90,10.3.24.90,917,,,,,,
3024 Mansfield PBEM5 .54,10.3.24.54,5190,,,,,,
3024 Mansfield PBEM5 .51,10.3.24.51,5165,,,,,,
3024 Mansfield C2 .20,10.3.24.20,2457,,,,,,
3023 Mtn Grove C9 .96,10.3.23.96,906,,,,,,
3023 Mtn Grove C9 .95,10.3.23.95,None,,,,,,
3023 Mtn Grove C9 .94,10.3.23.94,915,,,,,,
3023 Mtn Grove C9 .93,10.3.23.93,906,,,,,,
3023 Mtn Grove C9 .92,10.3.23.92,924,,,,,,
3023 Mtn Grove C9 .91,10.3.23.91,915,,,,,,
3023 Mtn Grove PBEM5 .52,10.3.23.52,5230,,,,,,
3023 Mtn Grove RM365 .30,10.3.23.30,3661,,,,,,
3023 Mtn Grove C2 .26,10.3.23.26,2437,,,,,,
3023 Mtn Grove C2 .24,10.3.23.24,2457,,,,,,
3023 Mtn Grove C2 .20,10.3.23.20,2415,,,,,,
3023 Mtn Grove NSM365 .106,10.3.23.106,3656,,,,,,
3023 Mtn Grove PBEM2 .105,10.3.23.105,2462,,,,,,
3022 Ava C9 .96,10.3.22.96,None,,,,,,
3022 Ava C9 .95,10.3.22.95,None,,,,,,
3022 Ava C9 .93,10.3.22.93,None,,,,,,
3022 Ava C9 .92,10.3.22.92,None,,,,,,
3022 Ava C9 .91,10.3.22.91,906,,,,,,
3022 Ava PBEM5 .55,10.3.22.55,5820,,,,,,
3022 Ava RM5 .50,10.3.22.50,5180,,,,,,
3022 Ava C2 .20,10.3.22.20,2415,,,,,,
3002 Olga NSM5 .54,10.3.2.54,5835,,,,,,
3002 Olga RM2 .21,10.3.2.21,2442,,,,,,
3180 Ava Hwy 76 C9+ .94,10.3.180.94,905.5,,,,,,
3180 Ava Hwy 76 C9+ .93,10.3.180.93,914,,,,,,
3180 Ava Hwy 76 C9+ .92,10.3.180.92,905.5,,,,,,
3180 Ava Hwy 76 C9+ .91,10.3.180.91,914,,,,,,
3180 Ava Hwy 76 PBEM5 .59,10.3.180.59,5840,,,,,,
3180 Ava Hwy 76 CE2 .24,10.3.180.24,2462,,,,,,
3180 Ava Hwy 76 CE2 .23,10.3.180.23,2442,,,,,,
3180 Ava Hwy 76 CE2 .22,10.3.180.22,2462,,,,,,
3180 Ava Hwy 76 CE2 .21,10.3.180.21,2442,,,,,,
3177 Shoe Factory C9+ .94,10.3.177.94,923,,,,,,
3177 Shoe Factory C9+ .93,10.3.177.93,907,,,,,,
3177 Shoe Factory C9+ .92,10.3.177.92,923,,,,,,
3177 Shoe Factory C9+ .91,10.3.177.91,907,,,,,,
3177 Shoe Factory CE2 .24,10.3.177.24,2462,,,,,,
3177 Shoe Factory CE2 .23,10.3.177.23,2412,,,,,,
3177 Shoe Factory CE2 .22,10.3.177.22,2462,,,,,,
3177 Shoe Factory CE2 .21,10.3.177.21,2412,,,,,,
3017 Race Track RM5 .50,10.3.17.50,5160,,,,,,
3164 Ava SW C9+ .94,10.3.164.94,923,,,,,,
3164 Ava SW C9+ .93,10.3.164.93,907,,,,,,
3164 Ava SW C9+ .92,10.3.164.92,923,,,,,,
3164 Ava SW C9+ .91,10.3.164.91,907,,,,,,
3164 Ava SW CE2 .24,10.3.164.24,2412,,,,,,
3164 Ava SW CE2 .23,10.3.164.23,2462,,,,,,
3164 Ava SW CE2 .22,10.3.164.22,2412,,,,,,
3164 Ava SW CE2 .21,10.3.164.21,2462,,,,,,
3160 Hwy AK14 C9+ .94,10.3.160.94,923,,,,,,
3160 Hwy AK14 C9+ .93,10.3.160.93,907,,,,,,
3160 Hwy AK14 C9+ .92,10.3.160.92,923,,,,,,
3160 Hwy AK14 C9+ .91,10.3.160.91,907,,,,,,
3160 Hwy AK14 CE2 .24,10.3.160.24,2437,,,,,,
3160 Hwy AK14 CE2 .23,10.3.160.23,2412,,,,,,
3160 Hwy AK14 CE2 .22,10.3.160.22,2437,,,,,,
3160 Hwy AK14 CE2 .21,10.3.160.21,2412,,,,,,
3016 Miller Farms C9 .96,10.3.16.96,None,,,,,,
3016 Miller Farms C9 .95,10.3.16.95,906,,,,,,
3016 Miller Farms C9 .94,10.3.16.94,924,,,,,,
3016 Miller Farms C9 .93,10.3.16.93,915,,,,,,
3016 Miller Farms C9 .92,10.3.16.92,906,,,,,,
3016 Miller Farms C9 .91,10.3.16.91,924,,,,,,
3016 Miller Farms PBEM5 .54,10.3.16.54,5165,,,,,,
3016 Miller Farms C2 .25,10.3.16.25,2415,,,,,,
3016 Miller Farms C2 .24,10.3.16.24,2435,,,,,,
3016 Miller Farms C2 .20,10.3.16.20,2457,,,,,,
3153 Blue Eye Morningside C9 .96,10.3.153.96,None,,,,,,
3153 Blue Eye Morningside C9 .95,10.3.153.95,None,,,,,,
3153 Blue Eye Morningside C9 .94,10.3.153.94,None,,,,,,
3153 Blue Eye Morningside C9 .93,10.3.153.93,906,,,,,,
3153 Blue Eye Morningside C9 .92,10.3.153.92,924,,,,,,
3153 Blue Eye Morningside C9 .91,10.3.153.91,911,,,,,,
3153 Blue Eye Morningside RM5 .53,10.3.153.53,5160,,,,,,
3153 Blue Eye Morningside RM2 .20,10.3.153.20,2462,,,,,,
3148 Howell Co S C9+ .94,10.3.148.94,905.5,,,,,,
3148 Howell Co S PBEM5 .55,10.3.148.55,5165,,,,,,
3148 Howell Co S NSM2 .23,10.3.148.23,2452,,,,,,
3148 Howell Co S C2 .20,10.3.148.20,2415,,,,,,
3145 West Plains C9 .90,10.3.145.90,906,,,,,,
3145 West Plains RM2 .20,10.3.145.20,2462,,,,,,
3142 Branson W Walmart C9 .96,10.3.142.96,924,,,,,,
3142 Branson W Walmart C9 .95,10.3.142.95,None,,,,,,
3142 Branson W Walmart C9 .94,10.3.142.94,None,,,,,,
3142 Branson W Walmart C9 .93,10.3.142.93,None,,,,,,
3142 Branson W Walmart C9 .92,10.3.142.92,None,,,,,,
3142 Branson W Walmart C9 .91,10.3.142.91,None,,,,,,
3142 Branson W Walmart RM5 .50,10.3.142.50,5745,,,,,,
3135 Spring Hill Rd C9 .96,10.3.135.96,924,,,,,,
3135 Spring Hill Rd C9 .95,10.3.135.95,915,,,,,,
3135 Spring Hill Rd C9 .94,10.3.135.94,906,,,,,,
3135 Spring Hill Rd C9 .93,10.3.135.93,924,,,,,,
3135 Spring Hill Rd C9 .92,10.3.135.92,915,,,,,,
3135 Spring Hill Rd C9 .91,10.3.135.91,906,,,,,,
3135 Spring Hill Rd NSM5 .52,10.3.135.52,5280,,,,,,
3135 Spring Hill Rd C2 .20,10.3.135.20,2415,,,,,,
3013 Olathia RM2 .20,10.3.13.20,2432,,,,,,
3129 Lakeview Lookout C9 .96,10.3.129.96,924,,,,,,
3129 Lakeview Lookout C9 .95,10.3.129.95,915,,,,,,
3129 Lakeview Lookout C9 .94,10.3.129.94,906,,,,,,
3129 Lakeview Lookout C9 .93,10.3.129.93,924,,,,,,
3129 Lakeview Lookout C9 .92,10.3.129.92,915,,,,,,
3129 Lakeview Lookout C9 .91,10.3.129.91,None,,,,,,
3129 Lakeview Lookout NSM365 .35,10.3.129.35,3656,,,,,,
3129 Lakeview Lookout C2 .29,10.3.129.29,2457,,,,,,
3129 Lakeview Lookout C2 .20,10.3.129.20,2415,,,,,,
3122 Jamboraz C9 .90,10.3.122.90,924,,,,,,
3122 Jamboraz PBEM5 .51,10.3.122.51,5175,,,,,,
3122 Jamboraz RM2 .29,10.3.122.29,2412,,,,,,
3122 Jamboraz C2 .20,10.3.122.20,2430,,,,,,
3110 Branson W N C9 .93,10.3.110.93,None,,,,,,
3110 Branson W N C9 .92,10.3.110.92,None,,,,,,
3110 Branson W N C9 .91,10.3.110.91,906,,,,,,
3110 Branson W N NSM365 .33,10.3.110.33,3666,,,,,,
3110 Branson W N NSM365 .31,10.3.110.31,3656,,,,,,
3110 Branson W N RM2 .20,10.3.110.20,2437,,,,,,
3011 Stoneshire C9 .95,10.3.11.95,None,,,,,,
3011 Stoneshire C9 .94,10.3.11.94,915,,,,,,
3011 Stoneshire C9 .93,10.3.11.93,924,,,,,,
3011 Stoneshire C9 .92,10.3.11.92,906,,,,,,
3011 Stoneshire C9 .91,10.3.11.91,915,,,,,,
3011 Stoneshire RM365 .34,10.3.11.34,3656,,,,,,
3011 Stoneshire PBEM2 .27,10.3.11.27,2462,,,,,,
3011 Stoneshire RM2 .23,10.3.11.23,2432,,,,,,
3108 Green Forest C9 .96,10.3.108.96,906,,,,,,
3108 Green Forest C9 .95,10.3.108.95,915,,,,,,
3108 Green Forest C9 .94,10.3.108.94,924,,,,,,
3108 Green Forest C9 .93,10.3.108.93,None,,,,,,
3108 Green Forest C9 .92,10.3.108.92,915,,,,,,
3108 Green Forest C9 .91,10.3.108.91,924,,,,,,
3108 Green Forest RM2 .25,10.3.108.25,2464,,,,,,
3105 Twin Island Shpng Cntr C9 .90,10.3.105.90,915,,,,,,
3105 Twin Island Shpng Cntr NBEM5 .52,10.3.105.52,5160,,,,,,
3104 Twin Island Estates C9 .91,10.3.104.91,922,,,,,,
3104 Twin Island Estates C9 .90,10.3.104.90,906,,,,,,
3104 Twin Island Estates RM2 .25,10.3.104.25,2464,,,,,,
3104 Twin Island Estates RM2 .22,10.3.104.22,2424,,,,,,
3102 Windmill C9 .94,10.3.102.94,924,,,,,,
3102 Windmill C9 .90,10.3.102.90,906,,,,,,
3102 Windmill C5 .59,10.3.102.59,5325,,,,,,
3102 Windmill PBEM5 .57,10.3.102.57,5805,,,,,,
3102 Windmill C5 .55,10.3.102.55,5840,,,,,,
3102 Windmill NBM5 .51,10.3.102.51,5190,,,,,,
3102 Windmill RM5 .50,10.3.102.50,5210,,,,,,
3101 Branson Creek C9 .90,10.3.101.90,914,,,,,,
3101 Branson Creek NSM365 .36,10.3.101.36,3656,,,,,,
3101 Branson Creek RM2 .20,10.3.101.20,2447,,,,,,
3100 Vacation Channel NBM5 .52,10.3.100.52,5680,,,,,,
3100 Vacation Channel NSM5 .51,10.3.100.51,5575,,,,,,
3010 Ozark C9+ .94,10.3.10.94,924.5,,,,,,
3010 Ozark C9+ .93,10.3.10.93,917,,,,,,
3010 Ozark C9+ .92,10.3.10.92,905.5,,,,,,
3010 Ozark C9+ .91,10.3.10.91,917,,,,,,
3010 Ozark PBEM5 .59,10.3.10.59,5615,,,,,,
3010 Ozark NBM5 .58,10.3.10.58,5840,,,,,,
3010 Ozark PBEM5 .57,10.3.10.57,5755,,,,,,
3010 Ozark C5 .56,10.3.10.56,5275,,,,,,
3010 Ozark C5 .55,10.3.10.55,5295,,,,,,
3010 Ozark C5 .54,10.3.10.54,5275,,,,,,
3010 Ozark C5 .53,10.3.10.53,5295,,,,,,
3010 Ozark C5 .52,10.3.10.52,5275,,,,,,
3010 Ozark C5 .51,10.3.10.51,5295,,,,,,
3010 Ozark RM365 .37,10.3.10.37,3666,,,,,,
3010 Ozark RM365 .36,10.3.10.36,3656,,,,,,
3010 Ozark PBEM5 .101,10.3.10.101,5710,,,,,,
3001 Peck Hill RM365 .33,10.3.1.33,3656,,,,,,
3001 Peck Hill RM365 .32,10.3.1.32,3661,,,,,,
3001 Peck Hill RM365 .31,10.3.1.31,3671,,,,,,
2097 Diggins C9 .90,10.2.97.90,906,,,,,,
2097 Diggins PBEM5 .56,10.2.97.56,5160,,,,,,
2097 Diggins PBEM5 .54,10.2.97.54,5180,,,,,,
2097 Diggins C2 .20,10.2.97.20,2415,,,,,,
2096 Boys Ranch C9 .96,10.2.96.96,None,,,,,,
2096 Boys Ranch C9 .95,10.2.96.95,None,,,,,,
2096 Boys Ranch C9 .94,10.2.96.94,906,,,,,,
2096 Boys Ranch C9 .93,10.2.96.93,924,,,,,,
2096 Boys Ranch C9 .92,10.2.96.92,915,,,,,,
2096 Boys Ranch C9 .91,10.2.96.91,906,,,,,,
2096 Boys Ranch NSM5 .59,10.2.96.59,5500,,,,,,
2096 Boys Ranch RM2 .20,10.2.96.20,2437,,,,,,
2095 Mtn View C9 .90,10.2.95.90,915,,,,,,
2095 Mtn View NSM2 .22,10.2.95.22,2462,,,,,,
2095 Mtn View C2 .20,10.2.95.20,2415,,,,,,
2092 Niangua C9 .90,10.2.92.90,924,,,,,,
2092 Niangua C2 .20,10.2.92.20,2457,,,,,,
2090 JE C9 .95,10.2.90.95,915,,,,,,
2090 JE C9 .93,10.2.90.93,924,,,,,,
2090 JE C9 .92,10.2.90.92,915,,,,,,
2090 JE C9 .91,10.2.90.91,906,,,,,,
2090 JE PBEM5 .55,10.2.90.55,5790,,,,,,
2090 JE NSM5 .54,10.2.90.54,5265,,,,,,
2090 JE RM365 .30,10.2.90.30,3661,,,,,,
2089 Silver Bell NBEM5 .59,10.2.89.59,5840,,,,,,
2089 Silver Bell RM365 .36,10.2.89.36,3661,,,,,,
2088 Cabool N C9+ .95,10.2.88.95,907,,,,,,
2088 Cabool N C9 .94,10.2.88.94,915,,,,,,
2088 Cabool N C9 .90,10.2.88.90,924,,,,,,
2088 Cabool N RM5 .50,10.2.88.50,5765,,,,,,
2088 Cabool N C2 .20,10.2.88.20,2437,,,,,,
2087 Laclede PWSD #1 C9 .90,10.2.87.90,None,,,,,,
2087 Laclede PWSD #1 C5 .50,10.2.87.50,5325,,,,,,
2086 Kings Mtn C9 .90,10.2.86.90,906,,,,,,
2086 Kings Mtn C5 .50,10.2.86.50,5275,,,,,,
2085 Cabool C9+ .94,10.2.85.94,924.5,,,,,,
2085 Cabool C9 .90,10.2.85.90,906,,,,,,
2085 Cabool C5 .50,10.2.85.50,5325,,,,,,
2085 Cabool NSM2 .27,10.2.85.27,2412,,,,,,
2083 Vanguard C9 .90,10.2.83.90,915,,,,,,
2083 Vanguard C5 .50,10.2.83.50,5275,,,,,,
2083 Vanguard RM2 .20,10.2.83.20,2462,,,,,,
2082 KTTK C9 .90,10.2.82.90,924,,,,,,
2082 KTTK PBEM2 .29,10.2.82.29,2457,,,,,,
2082 KTTK C2 .22,10.2.82.22,2415,,,,,,
2081 KJEL C9 .90,10.2.81.90,915,,,,,,
2080 Eldridge C9 .95,10.2.80.95,915,,,,,,
2080 Eldridge C9 .93,10.2.80.93,906,,,,,,
2080 Eldridge C9 .91,10.2.80.91,924,,,,,,
2080 Eldridge C9 .90,10.2.80.90,None,,,,,,
2080 Eldridge C5 .50,10.2.80.50,5275,,,,,,
2080 Eldridge RM2 .20,10.2.80.20,2454,,,,,,
2079 Oakland C9 .96,10.2.79.96,None,,,,,,
2079 Oakland C9 .95,10.2.79.95,None,,,,,,
2079 Oakland C9 .94,10.2.79.94,None,,,,,,
2079 Oakland C9 .93,10.2.79.93,None,,,,,,
2079 Oakland C9 .92,10.2.79.92,None,,,,,,
2079 Oakland C9 .91,10.2.79.91,None,,,,,,
2079 Oakland C5 .50,10.2.79.50,5300,,,,,,
2079 Oakland RM365 .30,10.2.79.30,3656,,,,,,
2079 Oakland RM2 .25,10.2.79.25,2462,,,,,,
2079 Oakland PBEM5 .119,10.2.79.119,5740,,,,,,
2079 Oakland C9+ .104,10.2.79.104,924.5,,,,,,
2079 Oakland C9+ .103,10.2.79.103,915,,,,,,
2079 Oakland C9+ .102,10.2.79.102,924.5,,,,,,
2079 Oakland C9+ .101,10.2.79.101,915.5,,,,,,
2078 Sleeper C9 .96,10.2.78.96,924,,,,,,
2078 Sleeper C9 .95,10.2.78.95,None,,,,,,
2078 Sleeper C9 .94,10.2.78.94,906,,,,,,
2078 Sleeper C9 .93,10.2.78.93,915,,,,,,
2078 Sleeper C9 .92,10.2.78.92,924,,,,,,
2078 Sleeper C9 .91,10.2.78.91,915,,,,,,
2078 Sleeper RM365 .30,10.2.78.30,3656,,,,,,
2078 Sleeper RM2 .20,10.2.78.20,2447,,,,,,
2075 KBFL C9 .96,10.2.75.96,924,,,,,,
2075 KBFL C9 .95,10.2.75.95,915,,,,,,
2075 KBFL C9 .94,10.2.75.94,None,,,,,,
2075 KBFL C9 .93,10.2.75.93,924,,,,,,
2075 KBFL C9 .92,10.2.75.92,915,,,,,,
2075 KBFL C9 .91,10.2.75.91,906,,,,,,
2075 KBFL PBEM5 .59,10.2.75.59,5800,,,,,,
2075 KBFL C5 .56,10.2.75.56,5275,,,,,,
2075 KBFL PBEM5 .52,10.2.75.52,5165,,,,,,
2075 KBFL C5 .50,10.2.75.50,5325,,,,,,
2074 Hammons RM365 .39,10.2.74.39,3666,,,,,,
2074 Hammons RM365 .30,10.2.74.30,3656,,,,,,
2074 Hammons PBEM5 .104,10.2.74.104,5240,,,,,,
2074 Hammons PBEM5 .103,10.2.74.103,5240,,,,,,
2074 Hammons PBEM5 .101,10.2.74.101,5735,,,,,,
2073 Double D C9 .96,10.2.73.96,None,,,,,,
2073 Double D C9 .95,10.2.73.95,None,,,,,,
2073 Double D C9 .94,10.2.73.94,None,,,,,,
2073 Double D C9 .93,10.2.73.93,924,,,,,,
2073 Double D C9 .92,10.2.73.92,915,,,,,,
2073 Double D C9 .91,10.2.73.91,906,,,,,,
2073 Double D NSM5 .52,10.2.73.52,5745,,,,,,
2073 Double D RM5 .50,10.2.73.50,5165,,,,,,
2073 Double D CE2 .24,10.2.73.24,2462,,,,,,
2073 Double D CE2 .23,10.2.73.23,2412,,,,,,
2073 Double D CE2 .22,10.2.73.22,2462,,,,,,
2073 Double D CE2 .21,10.2.73.21,2412,,,,,,
2072 Ebenezer C9 .96,10.2.72.96,924,,,,,,
2072 Ebenezer C9 .95,10.2.72.95,915,,,,,,
2072 Ebenezer C9 .94,10.2.72.94,906,,,,,,
2072 Ebenezer C9 .93,10.2.72.93,924,,,,,,
2072 Ebenezer C9 .91,10.2.72.91,906,,,,,,
2072 Ebenezer C2 .26,10.2.72.26,2457,,,,,,
2072 Ebenezer C2 .22,10.2.72.22,2457,,,,,,
2072 Ebenezer C2 .21,10.2.72.21,2437,,,,,,
2072 Ebenezer C2 .20,10.2.72.20,2415,,,,,,
2071 Fordland C9+ .94,10.2.71.94,924.5,,,,,,
2071 Fordland C9+ .93,10.2.71.93,905.5,,,,,,
2071 Fordland C9+ .92,10.2.71.92,924.5,,,,,,
2071 Fordland C9+ .91,10.2.71.91,905.5,,,,,,
2071 Fordland PBEM5 .59,10.2.71.59,5710,,,,,,
2071 Fordland C5 .56,10.2.71.56,5275,,,,,,
2071 Fordland C5 .55,10.2.71.55,5300,,,,,,
2071 Fordland C5 .52,10.2.71.52,5325,,,,,,
2071 Fordland C2+ .24,10.2.71.24,2470,,,,,,
2071 Fordland C2+ .23,10.2.71.23,2455,,,,,,
2071 Fordland C2+ .22,10.2.71.22,2470,,,,,,
2071 Fordland C2+ .21,10.2.71.21,2455,,,,,,
2071 Fordland NSM5 .105,10.2.71.105,5155,,,,,,
2071 Fordland NSM5 .101,10.2.71.101,5735,,,,,,
2070 Elkland C9 .96,10.2.70.96,924,,,,,,
2070 Elkland C9 .95,10.2.70.95,915,,,,,,
2070 Elkland C9 .94,10.2.70.94,None,,,,,,
2070 Elkland C9 .93,10.2.70.93,924,,,,,,
2070 Elkland C9 .92,10.2.70.92,None,,,,,,
2070 Elkland C9 .91,10.2.70.91,906,,,,,,
2070 Elkland NSM5 .54,10.2.70.54,5220,,,,,,
2070 Elkland C5 .50,10.2.70.50,5325,,,,,,
2070 Elkland NSM2 .23,10.2.70.23,2457,,,,,,
2068 Feemster C9 .91,10.2.68.91,906,,,,,,
2068 Feemster C9 .90,10.2.68.90,915,,,,,,
2068 Feemster C5 .59,10.2.68.59,5840,,,,,,
2068 Feemster C5 .52,10.2.68.52,5735,,,,,,
2068 Feemster C5 .50,10.2.68.50,5765,,,,,,
2065 Sloan C9+ .99,10.2.65.99,905.5,,,,,,
2065 Sloan 065 Sloan 450i S .93,10.2.65.93,None,,,,,,
2065 Sloan RM365 .32,10.2.65.32,3661,,,,,,
2063 Odin C9 .96,10.2.63.96,924,,,,,,
2063 Odin C9 .95,10.2.63.95,915,,,,,,
2063 Odin C9 .94,10.2.63.94,906,,,,,,
2063 Odin C9 .93,10.2.63.93,924,,,,,,
2063 Odin C9 .92,10.2.63.92,915,,,,,,
2063 Odin C9 .91,10.2.63.91,906,,,,,,
2063 Odin C2 .20,10.2.63.20,2457,,,,,,
2061 Hay Sales C9 .96,10.2.61.96,None,,,,,,
2061 Hay Sales C9 .95,10.2.61.95,915,,,,,,
2061 Hay Sales C9 .94,10.2.61.94,924,,,,,,
2061 Hay Sales C9 .93,10.2.61.93,None,,,,,,
2061 Hay Sales C9 .92,10.2.61.92,None,,,,,,
2061 Hay Sales RM5 .53,10.2.61.53,5180,,,,,,
2061 Hay Sales C5 .50,10.2.61.50,5310,,,,,,
2036 Grisham RM365 .30,10.2.36.30,3656,,,,,,
2032 Normal NSM5 .57,10.2.32.57,5160,,,,,,
2032 Normal RM365 .36,10.2.32.36,3666,,,,,,
2032 Normal RM365 .34,10.2.32.34,3656,,,,,,
2030 Bassville C9+ .94,10.2.30.94,924.5,,,,,,
2030 Bassville C9+ .93,10.2.30.93,905.5,,,,,,
2030 Bassville C9+ .92,10.2.30.92,924.5,,,,,,
2030 Bassville C9+ .91,10.2.30.91,905.5,,,,,,
2030 Bassville NSM5 .90,10.2.30.90,5170,,,,,,
2030 Bassville PBEM5 .58,10.2.30.58,5740,,,,,,
2030 Bassville PBEM5 .57,10.2.30.57,5760,,,,,,
2030 Bassville C5 .56,10.2.30.56,5325,,,,,,
2030 Bassville C5 .55,10.2.30.55,5300,,,,,,
2030 Bassville C5 .54,10.2.30.54,5275,,,,,,
2030 Bassville C5 .53,10.2.30.53,5325,,,,,,
2030 Bassville C5 .52,10.2.30.52,5300,,,,,,
2030 Bassville C5 .51,10.2.30.51,5275,,,,,,
2030 Bassville RM365 .30,10.2.30.30,3661,,,,,,
2030 Bassville RM5 .154,10.2.30.154,5195,,,,,,
2030 Bassville RM5 .153,10.2.30.153,5175,,,,,,
2030 Bassville RM5 .152,10.2.30.152,5185,,,,,,
2030 Bassville RM5 .151,10.2.30.151,5165,,,,,,
2029 Rogersville NW RM2 .20,10.2.29.20,2444,,,,,,
2027 Zarks C9 .96,10.2.27.96,924,,,,,,
2027 Zarks C9 .95,10.2.27.95,915,,,,,,
2027 Zarks C9 .94,10.2.27.94,906,,,,,,
2027 Zarks C9 .93,10.2.27.93,924,,,,,,
2027 Zarks C9 .92,10.2.27.92,915,,,,,,
2027 Zarks C9 .91,10.2.27.91,906,,,,,,
2027 Zarks PBEM5 .53,10.2.27.53,5550,,,,,,
2027 Zarks C2 .26,10.2.27.26,2457,,,,,,
2027 Zarks C2 .25,10.2.27.25,2437,,,,,,
2027 Zarks C2 .24,10.2.27.24,2457,,,,,,
2027 Zarks C2 .23,10.2.27.23,2437,,,,,,
2027 Zarks C2 .22,10.2.27.22,2457,,,,,,
2027 Zarks C2 .21,10.2.27.21,2437,,,,,,
2027 Zarks C2 .20,10.2.27.20,2415,,,,,,
2026 Seymour C9 .96,10.2.26.96,906,,,,,,
2026 Seymour C9 .95,10.2.26.95,915,,,,,,
2026 Seymour C9 .94,10.2.26.94,924,,,,,,
2026 Seymour C9 .93,10.2.26.93,None,,,,,,
2026 Seymour C9 .92,10.2.26.92,906,,,,,,
2026 Seymour C9 .91,10.2.26.91,924,,,,,,
2026 Seymour AF5x .59,10.2.26.59,5235,,,,,,
2026 Seymour PBEM5 .55,10.2.26.55,5740,,,,,,
2026 Seymour PBEM5 .53,10.2.26.53,5550,,,,,,
2026 Seymour C2 .20,10.2.26.20,2415,,,,,,
2240 McCartney Substation NSM2 .27,10.2.240.27,2412,,,,,,
2002 Missouri Park Campground C9 .96,10.2.2.96,915,,,,,,
2002 Missouri Park Campground NSM5 .59,10.2.2.59,5310,,,,,,
2002 Missouri Park Campground RM365 .33,10.2.2.33,3656,,,,,,
2002 Missouri Park Campground RM365 .32,10.2.2.32,3661,,,,,,
2002 Missouri Park Campground RM365 .31,10.2.2.31,3671,,,,,,
2002 Missouri Park Campground NSM2 .120,10.2.2.120,2412,,,,,,
2019 Conway C9 .96,10.2.19.96,906,,,,,,
2019 Conway C9 .95,10.2.19.95,915,,,,,,
2019 Conway C9 .94,10.2.19.94,906,,,,,,
2019 Conway C9 .93,10.2.19.93,915,,,,,,
2019 Conway C9 .92,10.2.19.92,None,,,,,,
2019 Conway C9 .91,10.2.19.91,None,,,,,,
2019 Conway PBEM5 .53,10.2.19.53,5770,,,,,,
2019 Conway RM5 .50,10.2.19.50,5740,,,,,,
2018 Strafford C9 .96,10.2.18.96,None,,,,,,
2018 Strafford C9 .95,10.2.18.95,None,,,,,,
2018 Strafford C9 .91,10.2.18.91,None,,,,,,
2018 Strafford C9 .90,10.2.18.90,906,,,,,,
2018 Strafford NBM5 .59,10.2.18.59,5760,,,,,,
2018 Strafford PBEM5 .57,10.2.18.57,5515,,,,,,
2018 Strafford C5 .56,10.2.18.56,5275,,,,,,
2018 Strafford C5 .55,10.2.18.55,5325,,,,,,
2018 Strafford C5 .54,10.2.18.54,5300,,,,,,
2018 Strafford C9 .53,10.2.18.53,None,,,,,,
2018 Strafford C5 .51,10.2.18.51,5300,,,,,,
2018 Strafford C9 .50,10.2.18.50,None,,,,,,
2018 Strafford PBEM5 .110,10.2.18.110,5165,,,,,,
2018 Strafford PBEM5 .109,10.2.18.109,5165,,,,,,
2018 Strafford PBEM5 .105,10.2.18.105,5640,,,,,,
2017 Chapel Hill C9 .90,10.2.17.90,915,,,,,,
2017 Chapel Hill NSM5 .59,10.2.17.59,5500,,,,,,
2017 Chapel Hill RM5 .50,10.2.17.50,5835,,,,,,
2168 Long Lane C9 .90,10.2.168.90,906,,,,,,
2168 Long Lane RM2 .20,10.2.168.20,2457,,,,,,
2167 Seymour N C9 .96,10.2.167.96,924,,,,,,
2167 Seymour N C9 .95,10.2.167.95,915,,,,,,
2167 Seymour N C9 .94,10.2.167.94,906,,,,,,
2167 Seymour N C9 .93,10.2.167.93,924,,,,,,
2167 Seymour N C9 .92,10.2.167.92,915,,,,,,
2167 Seymour N C9 .91,10.2.167.91,906,,,,,,
2167 Seymour N NSM5 .59,10.2.167.59,5730,,,,,,
2167 Seymour N RM2 .24,10.2.167.24,2412,,,,,,
2167 Seymour N RM2 .20,10.2.167.20,2457,,,,,,
2163 Buffalo NW C9+ .94,10.2.163.94,924.5,,,,,,
2163 Buffalo NW C9+ .93,10.2.163.93,905.5,,,,,,
2163 Buffalo NW C9+ .92,10.2.163.92,924.5,,,,,,
2163 Buffalo NW C9+ .91,10.2.163.91,905.5,,,,,,
2163 Buffalo NW CE2 .24,10.2.163.24,2462,,,,,,
2163 Buffalo NW CE2 .23,10.2.163.23,2412,,,,,,
2163 Buffalo NW CE2 .22,10.2.163.22,2462,,,,,,
2163 Buffalo NW CE2 .21,10.2.163.21,2412,,,,,,
2161 Phillipsburg C9+ .94,10.2.161.94,923,,,,,,
2161 Phillipsburg C9+ .93,10.2.161.93,907,,,,,,
2161 Phillipsburg C9+ .92,10.2.161.92,923,,,,,,
2161 Phillipsburg C9+ .91,10.2.161.91,907,,,,,,
2161 Phillipsburg CE2 .24,10.2.161.24,2437,,,,,,
2161 Phillipsburg CE2 .23,10.2.161.23,2412,,,,,,
2161 Phillipsburg CE2 .22,10.2.161.22,2437,,,,,,
2161 Phillipsburg CE2 .21,10.2.161.21,2412,,,,,,
2158 Tri County Line C9+ .94,10.2.158.94,923,,,,,,
2158 Tri County Line C9+ .93,10.2.158.93,907,,,,,,
2158 Tri County Line C9+ .92,10.2.158.92,923,,,,,,
2158 Tri County Line C9+ .91,10.2.158.91,907,,,,,,
2158 Tri County Line CE2 .24,10.2.158.24,2462,,,,,,
2158 Tri County Line CE2 .23,10.2.158.23,2412,,,,,,
2158 Tri County Line CE2 .22,10.2.158.22,2462,,,,,,
2158 Tri County Line CE2 .21,10.2.158.21,2412,,,,,,
2157 Northview C9+ .94,10.2.157.94,924.5,,,,,,
2157 Northview C9+ .93,10.2.157.93,905.5,,,,,,
2157 Northview C9+ .92,10.2.157.92,924.5,,,,,,
2157 Northview C9+ .91,10.2.157.91,905.5,,,,,,
2157 Northview CE2 .23,10.2.157.23,2412,,,,,,
2157 Northview CE2 .22,10.2.157.22,2462,,,,,,
2157 Northview CE2 .21,10.2.157.21,2412,,,,,,
2155 Rusty Rd C9 .96,10.2.155.96,None,,,,,,
2155 Rusty Rd C9 .95,10.2.155.95,None,,,,,,
2155 Rusty Rd C9 .94,10.2.155.94,None,,,,,,
2155 Rusty Rd C9 .93,10.2.155.93,924,,,,,,
2155 Rusty Rd C9 .92,10.2.155.92,None,,,,,,
2155 Rusty Rd C9 .91,10.2.155.91,924,,,,,,
2155 Rusty Rd NSM5 .51,10.2.155.51,5155,,,,,,
2155 Rusty Rd RM2 .20,10.2.155.20,2412,,,,,,
2151 Camp Arrowhead C9+ .94,10.2.151.94,915,,,,,,
2151 Camp Arrowhead C9+ .93,10.2.151.93,907,,,,,,
2151 Camp Arrowhead C9+ .92,10.2.151.92,923,,,,,,
2151 Camp Arrowhead C9+ .91,10.2.151.91,907,,,,,,
2151 Camp Arrowhead CE2 .24,10.2.151.24,2457,,,,,,
2151 Camp Arrowhead CE2 .23,10.2.151.23,2412,,,,,,
2151 Camp Arrowhead CE2 .22,10.2.151.22,2457,,,,,,
2151 Camp Arrowhead CE2 .21,10.2.151.21,2412,,,,,,
2150 Beech Lane C9 .96,10.2.150.96,None,,,,,,
2150 Beech Lane C9 .95,10.2.150.95,906,,,,,,
2150 Beech Lane C9 .94,10.2.150.94,915,,,,,,
2150 Beech Lane C9 .93,10.2.150.93,906,,,,,,
2150 Beech Lane C9 .92,10.2.150.92,915,,,,,,
2150 Beech Lane C9 .91,10.2.150.91,None,,,,,,
2150 Beech Lane RM2 .20,10.2.150.20,2462,,,,,,
2149 Howell Co N C9+ .94,10.2.149.94,924.5,,,,,,
2149 Howell Co N C9+ .93,10.2.149.93,905.5,,,,,,
2149 Howell Co N C9+ .92,10.2.149.92,924.5,,,,,,
2149 Howell Co N C9+ .91,10.2.149.91,905.5,,,,,,
2149 Howell Co N RM2 .20,10.2.149.20,2464,,,,,,
2143 Forrest Hill Lane C9 .96,10.2.143.96,924,,,,,,
2143 Forrest Hill Lane C9 .95,10.2.143.95,None,,,,,,
2143 Forrest Hill Lane C9 .94,10.2.143.94,924,,,,,,
2143 Forrest Hill Lane C9 .93,10.2.143.93,915,,,,,,
2143 Forrest Hill Lane C9 .92,10.2.143.92,924,,,,,,
2143 Forrest Hill Lane C9 .91,10.2.143.91,915,,,,,,
2143 Forrest Hill Lane C5 .59,10.2.143.59,5275,,,,,,
2143 Forrest Hill Lane NBM365 .31,10.2.143.31,3671,,,,,,
2143 Forrest Hill Lane C2 .26,10.2.143.26,2457,,,,,,
2143 Forrest Hill Lane C2 .25,10.2.143.25,2415,,,,,,
2143 Forrest Hill Lane C2 .23,10.2.143.23,2457,,,,,,
2143 Forrest Hill Lane C2 .22,10.2.143.22,2415,,,,,,
2143 Forrest Hill Lane C2 .20,10.2.143.20,2435,,,,,,
2141 Silo Ridge C9 .96,10.2.141.96,924,,,,,,
2141 Silo Ridge C9 .95,10.2.141.95,None,,,,,,
2141 Silo Ridge C9 .94,10.2.141.94,None,,,,,,
2141 Silo Ridge C9 .93,10.2.141.93,None,,,,,,
2141 Silo Ridge C9 .92,10.2.141.92,None,,,,,,
2141 Silo Ridge C9 .91,10.2.141.91,None,,,,,,
2141 Silo Ridge PBEM5 .59,10.2.141.59,5335,,,,,,
2141 Silo Ridge C2 .29,10.2.141.29,2457,,,,,,
2141 Silo Ridge C2 .20,10.2.141.20,2415,,,,,,
2136 Fair Grove C9 .96,10.2.136.96,None,,,,,,
2136 Fair Grove C9 .95,10.2.136.95,None,,,,,,
2136 Fair Grove C9 .94,10.2.136.94,None,,,,,,
2136 Fair Grove C9 .93,10.2.136.93,None,,,,,,
2136 Fair Grove C9 .92,10.2.136.92,None,,,,,,
2136 Fair Grove C9 .91,10.2.136.91,None,,,,,,
2136 Fair Grove PBEM5 .59,10.2.136.59,5735,,,,,,
2136 Fair Grove RM5 .57,10.2.136.57,5210,,,,,,
2136 Fair Grove C5 .56,10.2.136.56,5325,,,,,,
2136 Fair Grove C5 .55,10.2.136.55,5300,,,,,,
2136 Fair Grove C5 .54,10.2.136.54,5275,,,,,,
2136 Fair Grove C5 .53,10.2.136.53,5325,,,,,,
2136 Fair Grove C5 .52,10.2.136.52,5300,,,,,,
2136 Fair Grove C5 .51,10.2.136.51,5275,,,,,,
2136 Fair Grove C9+ .104,10.2.136.104,924.5,,,,,,
2136 Fair Grove C9+ .103,10.2.136.103,907,,,,,,
2136 Fair Grove C9+ .102,10.2.136.102,924.5,,,,,,
2136 Fair Grove C9+ .101,10.2.136.101,907,,,,,,
2133 Highland Springs C9 .96,10.2.133.96,924,,,,,,
2133 Highland Springs C9 .95,10.2.133.95,None,,,,,,
2133 Highland Springs C9 .94,10.2.133.94,906,,,,,,
2133 Highland Springs C9 .93,10.2.133.93,924,,,,,,
2133 Highland Springs C9 .92,10.2.133.92,915,,,,,,
2133 Highland Springs C9 .91,10.2.133.91,906,,,,,,
2133 Highland Springs RM5 .50,10.2.133.50,5735,,,,,,
2133 Highland Springs C2+ .24,10.2.133.24,2457,,,,,,
2133 Highland Springs C2+ .23,10.2.133.23,2417,,,,,,
2133 Highland Springs C2+ .22,10.2.133.22,2457,,,,,,
2133 Highland Springs C2+ .21,10.2.133.21,2417,,,,,,
2131 65A C9 .96,10.2.131.96,924,,,,,,
2131 65A C9 .95,10.2.131.95,906,,,,,,
2131 65A C9 .94,10.2.131.94,915,,,,,,
2131 65A C9 .93,10.2.131.93,None,,,,,,
2131 65A C9 .92,10.2.131.92,906,,,,,,
2131 65A C9 .91,10.2.131.91,915,,,,,,
2131 65A C2+ .20,10.2.131.20,2440,,,,,,
2013 County E C9+ .94,10.2.13.94,924.5,,,,,,
2013 County E C9+ .93,10.2.13.93,905.5,,,,,,
2013 County E C9+ .92,10.2.13.92,924.5,,,,,,
2013 County E C9+ .91,10.2.13.91,905.5,,,,,,
2013 County E NBM5 .54,10.2.13.54,5170,,,,,,
2013 County E C2+ .24,10.2.13.24,2407,,,,,,
2013 County E C2+ .23,10.2.13.23,2440,,,,,,
2013 County E C2+ .22,10.2.13.22,2417,,,,,,
2013 County E C2+ .21,10.2.13.21,2460,,,,,,
2013 County E NSM2 .106,10.2.13.106,2412,,,,,,
2013 County E RM5 .104,10.2.13.104,5570,,,,,,
2013 County E NSM2 .100,10.2.13.100,2462,,,,,,
2128 Grace Chapel Well RM5 .50,10.2.128.50,5165,,,,,,
2117 Hwy J C9 .96,10.2.117.96,906,,,,,,
2117 Hwy J C9 .95,10.2.117.95,924,,,,,,
2117 Hwy J C9 .94,10.2.117.94,None,,,,,,
2117 Hwy J C9 .93,10.2.117.93,924,,,,,,
2117 Hwy J C9 .92,10.2.117.92,906,,,,,,
2117 Hwy J C9 .91,10.2.117.91,None,,,,,,
2117 Hwy J C2+ .20,10.2.117.20,2417,,,,,,
2112 Plaza Tower C9 .90,10.2.112.90,None,,,,,,
2112 Plaza Tower C5 .52,10.2.112.52,5275,,,,,,
2112 Plaza Tower RM5 .50,10.2.112.50,5300,,,,,,
2103 Country Stop C9+ .94,10.2.103.94,907,,,,,,
2103 Country Stop C9+ .93,10.2.103.93,923,,,,,,
2103 Country Stop C9+ .92,10.2.103.92,907,,,,,,
2103 Country Stop C9+ .91,10.2.103.91,923,,,,,,
2103 Country Stop RM365 .30,10.2.103.30,3661,,,,,,
2001 Captain Morgan C9+ .93,10.2.1.93,924.5,,,,,,
2001 Captain Morgan RM2 .23,10.2.1.23,2464,,,,,,
2001 Captain Morgan RM2 .22,10.2.1.22,2412,,,,,,
2001 Captain Morgan RM2 .21,10.2.1.21,2442,,,,,,
1098 Willard C9 .96,10.1.98.96,924,,,,,,
1098 Willard C9 .95,10.1.98.95,915,,,,,,
1098 Willard C9 .94,10.1.98.94,906,,,,,,
1098 Willard C9 .93,10.1.98.93,924,,,,,,
1098 Willard C9 .92,10.1.98.92,915,,,,,,
1098 Willard C9 .91,10.1.98.91,906,,,,,,
1098 Willard C5 .59,10.1.98.59,5325,,,,,,
1098 Willard RM5 .54,10.1.98.54,5160,,,,,,
1098 Willard RM5 .53,10.1.98.53,5240,,,,,,
1098 Willard RM5 .52,10.1.98.52,5215,,,,,,
1098 Willard RM5 .51,10.1.98.51,5190,,,,,,
1098 Willard C5 .50,10.1.98.50,5275,,,,,,
1076 Farm Rd 35 C9 .96,10.1.76.96,924,,,,,,
1076 Farm Rd 35 C9 .95,10.1.76.95,None,,,,,,
1076 Farm Rd 35 C9 .94,10.1.76.94,None,,,,,,
1076 Farm Rd 35 C9 .93,10.1.76.93,924,,,,,,
1076 Farm Rd 35 C9 .92,10.1.76.92,915,,,,,,
1076 Farm Rd 35 C9 .91,10.1.76.91,906,,,,,,
1076 Farm Rd 35 NBM5 .59,10.1.76.59,5165,,,,,,
1076 Farm Rd 35 C2 .26,10.1.76.26,2415,,,,,,
1076 Farm Rd 35 C2 .23,10.1.76.23,2415,,,,,,
1076 Farm Rd 35 C2 .21,10.1.76.21,2437,,,,,,
1076 Farm Rd 35 C2 .20,10.1.76.20,2457,,,,,,
1007 Crighton NSM5 .53,10.1.7.53,5700,,,,,,
1069 Bolivar RM5 .55,10.1.69.55,5235,,,,,,
1069 Bolivar RM5 .53,10.1.69.53,5200,,,,,,
1069 Bolivar RM5 .51,10.1.69.51,5170,,,,,,
1069 Bolivar C2 .20,10.1.69.20,2457,,,,,,
1058 Austin C9 .90,10.1.58.90,906,,,,,,
1058 Austin RM5 .50,10.1.58.50,5745,,,,,,
1057 Morrisville C9 .96,10.1.57.96,924,,,,,,
1057 Morrisville C9 .95,10.1.57.95,915,,,,,,
1057 Morrisville C9 .94,10.1.57.94,906,,,,,,
1057 Morrisville C9 .93,10.1.57.93,924,,,,,,
1057 Morrisville C9 .92,10.1.57.92,915,,,,,,
1057 Morrisville C9 .91,10.1.57.91,906,,,,,,
1057 Morrisville C2 .24,10.1.57.24,2415,,,,,,
1057 Morrisville C2 .20,10.1.57.20,2457,,,,,,
1056 Cox Hospital C9 .90,10.1.56.90,913,,,,,,
1056 Cox Hospital RM5 .50,10.1.56.50,5290,,,,,,
1056 Cox Hospital RM2 .20,10.1.56.20,2427,,,,,,
1049 Wright Verona C9 .95,10.1.49.95,913,,,,,,
1049 Wright Verona C9 .94,10.1.49.94,None,,,,,,
1049 Wright Verona C9 .90,10.1.49.90,922,,,,,,
1049 Wright Verona RM5 .50,10.1.49.50,5175,,,,,,
1046 Stotts City C9 .90,10.1.46.90,915,,,,,,
1046 Stotts City PBEM5 .51,10.1.46.51,5235,,,,,,
1046 Stotts City RM2 .20,10.1.46.20,2447,,,,,,
1045 Freistatt C9 .95,10.1.45.95,924,,,,,,
1045 Freistatt C9 .92,10.1.45.92,924,,,,,,
1045 Freistatt C9 .90,10.1.45.90,906,,,,,,
1045 Freistatt NBM5 .59,10.1.45.59,5500,,,,,,
1045 Freistatt C5 .56,10.1.45.56,5325,,,,,,
1045 Freistatt C5 .55,10.1.45.55,5300,,,,,,
1045 Freistatt C5 .54,10.1.45.54,5275,,,,,,
1045 Freistatt C5 .53,10.1.45.53,5325,,,,,,
1045 Freistatt C5 .52,10.1.45.52,5300,,,,,,
1045 Freistatt C5 .51,10.1.45.51,5275,,,,,,
1045 Freistatt NSM365 .35,10.1.45.35,3656,,,,,,
1044 Pierce City C9 .96,10.1.44.96,915,,,,,,
1044 Pierce City C9 .95,10.1.44.95,906,,,,,,
1044 Pierce City C9 .94,10.1.44.94,915,,,,,,
1044 Pierce City C9 .91,10.1.44.91,906,,,,,,
1044 Pierce City C9 .90,10.1.44.90,924,,,,,,
1044 Pierce City C5 .51,10.1.44.51,5300,,,,,,
1044 Pierce City C5 .50,10.1.44.50,5275,,,,,,
1044 Pierce City RM2 .21,10.1.44.21,2454,,,,,,
1043 Monett N C9 .96,10.1.43.96,924,,,,,,
1043 Monett N C9 .95,10.1.43.95,915,,,,,,
1043 Monett N C9 .93,10.1.43.93,924,,,,,,
1043 Monett N C9 .92,10.1.43.92,915,,,,,,
1043 Monett N C9 .91,10.1.43.91,906,,,,,,
1043 Monett N RM5 .55,10.1.43.55,5200,,,,,,
1043 Monett N RM5 .53,10.1.43.53,5180,,,,,,
1043 Monett N RM5 .51,10.1.43.51,5245,,,,,,
1043 Monett N C5 .50,10.1.43.50,5325,,,,,,
1042 Monett E RM5 .55,10.1.42.55,5710,,,,,,
1042 Monett E PBEM5 .54,10.1.42.54,5180,,,,,,
1042 Monett E RM5 .53,10.1.42.53,5235,,,,,,
1042 Monett E RM5 .51,10.1.42.51,5840,,,,,,
1042 Monett E C5 .50,10.1.42.50,5285,,,,,,
1042 Monett E NSM365 .44,10.1.42.44,3662,,,,,,
1042 Monett E NBM365 .43,10.1.42.43,3662,,,,,,
1041 AgForte C9+ .94,10.1.41.94,924.5,,,,,,
1041 AgForte C9+ .93,10.1.41.93,905.5,,,,,,
1041 AgForte C9+ .92,10.1.41.92,924.5,,,,,,
1041 AgForte C9+ .91,10.1.41.91,905.5,,,,,,
1041 AgForte C5 .56,10.1.41.56,5325,,,,,,
1041 AgForte C5 .55,10.1.41.55,5300,,,,,,
1041 AgForte C5 .54,10.1.41.54,5275,,,,,,
1041 AgForte C5 .53,10.1.41.53,5325,,,,,,
1041 AgForte C5 .52,10.1.41.52,5300,,,,,,
1041 AgForte C5 .51,10.1.41.51,5275,,,,,,
1041 AgForte RM2 .20,10.1.41.20,2464,,,,,,
1040 Ham C9 .92,10.1.40.92,923,,,,,,
1040 Ham C9 .90,10.1.40.90,911,,,,,,
1040 Ham C5 .54,10.1.40.54,5270,,,,,,
1040 Ham C5 .50,10.1.40.50,5290,,,,,,
1040 Ham RM2 .20,10.1.40.20,2447,,,,,,
1039 Verona C9 .90,10.1.39.90,908,,,,,,
1039 Verona C5 .50,10.1.39.50,5280,,,,,,
1039 Verona NSM2 .21,10.1.39.21,2419,,,,,,
1037 Tyson Feed C9 .96,10.1.37.96,924,,,,,,
1037 Tyson Feed C9 .95,10.1.37.95,915,,,,,,
1037 Tyson Feed C9 .94,10.1.37.94,906,,,,,,
1037 Tyson Feed C9 .93,10.1.37.93,924,,,,,,
1037 Tyson Feed C9 .92,10.1.37.92,915,,,,,,
1037 Tyson Feed C9 .91,10.1.37.91,906,,,,,,
1037 Tyson Feed NSM5 .55,10.1.37.55,5840,,,,,,
1037 Tyson Feed RM5 .53,10.1.37.53,5175,,,,,,
1037 Tyson Feed RM5 .52,10.1.37.52,5160,,,,,,
1037 Tyson Feed C5 .51,10.1.37.51,5325,,,,,,
1037 Tyson Feed C5 .50,10.1.37.50,5275,,,,,,
1036 Bois DArc C9+ .94,10.1.36.94,924.5,,,,,,
1036 Bois DArc C9+ .93,10.1.36.93,905.5,,,,,,
1036 Bois DArc C9+ .92,10.1.36.92,924.5,,,,,,
1036 Bois DArc C9+ .91,10.1.36.91,905.5,,,,,,
1036 Bois DArc C5 .56,10.1.36.56,5325,,,,,,
1036 Bois DArc C5 .55,10.1.36.55,5300,,,,,,
1036 Bois DArc C5 .54,10.1.36.54,5275,,,,,,
1036 Bois DArc C5 .53,10.1.36.53,5325,,,,,,
1036 Bois DArc C5 .52,10.1.36.52,5300,,,,,,
1036 Bois DArc C5 .51,10.1.36.51,5275,,,,,,
1036 Bois DArc NSM365 .30,10.1.36.30,3661,,,,,,
1036 Bois DArc C2+ .22,10.1.36.22,2460,,,,,,
1036 Bois DArc NSM5 .210,10.1.36.210,5745,,,,,,
1036 Bois DArc C2+ .20,10.1.36.20,2417,,,,,,
1029 Everton C9 .96,10.1.29.96,915,,,,,,
1029 Everton C9 .95,10.1.29.95,906,,,,,,
1029 Everton C9 .94,10.1.29.94,915,,,,,,
1029 Everton C9 .93,10.1.29.93,906,,,,,,
1029 Everton C9 .92,10.1.29.92,924,,,,,,
1029 Everton C9 .91,10.1.29.91,908,,,,,,
1029 Everton C9 .90,10.1.29.90,None,,,,,,
1029 Everton C5 .56,10.1.29.56,5300,,,,,,
1029 Everton C5 .53,10.1.29.53,5325,,,,,,
1029 Everton C5 .50,10.1.29.50,5275,,,,,,
1029 Everton RM2 .23,10.1.29.23,2437,,,,,,
1025 Positronic NSM5 .51,10.1.25.51,5240,,,,,,
1025 Positronic RM365 .30,10.1.25.30,3656,,,,,,
1024 Greene Hills RM365 .34,10.1.24.34,3671,,,,,,
1024 Greene Hills RM365 .31,10.1.24.31,3656,,,,,,
1023 Hayfield RM5 .50,10.1.23.50,5290,,,,,,
1020 Main St Feeds C9 .96,10.1.20.96,924,,,,,,
1020 Main St Feeds C9 .95,10.1.20.95,915,,,,,,
1020 Main St Feeds C9 .94,10.1.20.94,None,,,,,,
1020 Main St Feeds C9 .93,10.1.20.93,924,,,,,,
1020 Main St Feeds C9 .92,10.1.20.92,915,,,,,,
1020 Main St Feeds C9 .91,10.1.20.91,906,,,,,,
1020 Main St Feeds RM5 .59,10.1.20.59,5735,,,,,,
1020 Main St Feeds NSM5 .58,10.1.20.58,5175,,,,,,
1020 Main St Feeds C5 .50,10.1.20.50,5300,,,,,,
1002 Republic C9+ .94,10.1.2.94,924.5,,,,,,
1002 Republic C9+ .93,10.1.2.93,905.5,,,,,,
1002 Republic C9+ .92,10.1.2.92,924.5,,,,,,
1002 Republic C9+ .91,10.1.2.91,905.5,,,,,,
1002 Republic PBEM5 .57,10.1.2.57,5200,,,,,,
1002 Republic PBEM5 .56,10.1.2.56,5160,,,,,,
1002 Republic PBEM5 .55,10.1.2.55,5180,,,,,,
1002 Republic C5 .51,10.1.2.51,5275,,,,,,
1002 Republic RM365 .32,10.1.2.32,3661,,,,,,
1002 Republic C2+ .24,10.1.2.24,2437,,,,,,
1002 Republic C2+ .23,10.1.2.23,2470,,,,,,
1002 Republic C2+ .22,10.1.2.22,2437,,,,,,
1002 Republic C2+ .21,10.1.2.21,2417,,,,,,
1170 Springfield W C9+ .94,10.1.170.94,924.5,,,,,,
1170 Springfield W C9+ .93,10.1.170.93,905.5,,,,,,
1170 Springfield W C9+ .92,10.1.170.92,924.5,,,,,,
1170 Springfield W C9+ .91,10.1.170.91,905.5,,,,,,
1170 Springfield W CE2 .24,10.1.170.24,2462,,,,,,
1170 Springfield W CE2 .23,10.1.170.23,2412,,,,,,
1170 Springfield W CE2 .22,10.1.170.22,2462,,,,,,
1170 Springfield W CE2 .21,10.1.170.21,2412,,,,,,
1017 McKinley C9+ .94,10.1.17.94,924.5,,,,,,
1017 McKinley C9+ .93,10.1.17.93,905.5,,,,,,
1017 McKinley C9+ .92,10.1.17.92,924.5,,,,,,
1017 McKinley C9+ .91,10.1.17.91,905.5,,,,,,
1017 McKinley NSM5 .57,10.1.17.57,5745,,,,,,
1017 McKinley PBEM5 .56,10.1.17.56,5160,,,,,,
1017 McKinley NBM5 .52,10.1.17.52,5220,,,,,,
1017 McKinley RM365 .32,10.1.17.32,3661,,,,,,
1017 McKinley C2+ .24,10.1.17.24,2470,,,,,,
1017 McKinley C2+ .23,10.1.17.23,2455,,,,,,
1017 McKinley C2+ .22,10.1.17.22,2470,,,,,,
1017 McKinley C2+ .21,10.1.17.21,2455,,,,,,
1162 Mt Vernon C9+ .94,10.1.162.94,923,,,,,,
1162 Mt Vernon C9+ .93,10.1.162.93,907,,,,,,
1162 Mt Vernon C9+ .92,10.1.162.92,923,,,,,,
1162 Mt Vernon C9+ .91,10.1.162.91,907,,,,,,
1162 Mt Vernon CE2 .24,10.1.162.24,2462,,,,,,
1162 Mt Vernon CE2 .23,10.1.162.23,2412,,,,,,
1162 Mt Vernon CE2 .22,10.1.162.22,2462,,,,,,
1162 Mt Vernon CE2 .21,10.1.162.21,2412,,,,,,
1016 Old Coup RM365 .30,10.1.16.30,3661,,,,,,
1156 Hwy 97 C9 .96,10.1.156.96,924,,,,,,
1156 Hwy 97 C9 .95,10.1.156.95,None,,,,,,
1156 Hwy 97 C9 .94,10.1.156.94,906,,,,,,
1156 Hwy 97 C9 .93,10.1.156.93,None,,,,,,
1156 Hwy 97 C9 .92,10.1.156.92,915,,,,,,
1156 Hwy 97 C9 .91,10.1.156.91,906,,,,,,
1156 Hwy 97 C2+ .24,10.1.156.24,2457,,,,,,
1156 Hwy 97 C2+ .23,10.1.156.23,2417,,,,,,
1156 Hwy 97 C2+ .22,10.1.156.22,2457,,,,,,
1156 Hwy 97 C2+ .21,10.1.156.21,2405,,,,,,
1154 Farm Road 53 C9 .90,10.1.154.90,915,,,,,,
1154 Farm Road 53 PBEM5 .58,10.1.154.58,5780,,,,,,
1154 Farm Road 53 RM5 .50,10.1.154.50,5170,,,,,,
1152 Walnut Grove W C9+ .99,10.1.152.99,924.5,,,,,,
1152 Walnut Grove W RM2 .20,10.1.152.20,2412,,,,,,
1015 Glidewell C9+ .94,10.1.15.94,924.5,,,,,,
1015 Glidewell C9+ .93,10.1.15.93,905.5,,,,,,
1015 Glidewell C9+ .92,10.1.15.92,924.5,,,,,,
1015 Glidewell C9+ .91,10.1.15.91,905.5,,,,,,
1015 Glidewell AF5x .59,10.1.15.59,5760,,,,,,
1015 Glidewell PBEM5 .58,10.1.15.58,5165,,,,,,
1015 Glidewell NSM5 .53,10.1.15.53,5505,,,,,,
1015 Glidewell RM365 .35,10.1.15.35,3666,,,,,,
1015 Glidewell RM365 .32,10.1.15.32,3656,,,,,,
1015 Glidewell C2+ .24,10.1.15.24,2417,,,,,,
1015 Glidewell C2+ .23,10.1.15.23,2437,,,,,,
1015 Glidewell C2+ .22,10.1.15.22,2417,,,,,,
1015 Glidewell C2+ .21,10.1.15.21,2460,,,,,,
1014 Ash Grove C9+ .94,10.1.14.94,923,,,,,,
1014 Ash Grove C9+ .93,10.1.14.93,905.5,,,,,,
1014 Ash Grove C9+ .92,10.1.14.92,923,,,,,,
1014 Ash Grove C9+ .91,10.1.14.91,907,,,,,,
1014 Ash Grove PBEM5 .58,10.1.14.58,5175,,,,,,
1014 Ash Grove PBEM5 .57,10.1.14.57,5160,,,,,,
1014 Ash Grove PBEM5 .53,10.1.14.53,5760,,,,,,
1014 Ash Grove NSM5 .52,10.1.14.52,5480,,,,,,
1014 Ash Grove C5 .50,10.1.14.50,5815,,,,,,
1014 Ash Grove C2 .26,10.1.14.26,2457,,,,,,
1014 Ash Grove C2 .25,10.1.14.25,2437,,,,,,
1014 Ash Grove C9 .24,10.1.14.24,None,,,,,,
1014 Ash Grove C9 .23,10.1.14.23,None,,,,,,
1014 Ash Grove C2 .22,10.1.14.22,2437,,,,,,
1014 Ash Grove C2 .21,10.1.14.21,2415,,,,,,
1139 Republic Brick C9 .96,10.1.139.96,None,,,,,,
1139 Republic Brick C9 .95,10.1.139.95,None,,,,,,
1139 Republic Brick C9 .93,10.1.139.93,None,,,,,,
1139 Republic Brick C9 .92,10.1.139.92,915,,,,,,
1139 Republic Brick C9 .91,10.1.139.91,None,,,,,,
1139 Republic Brick NSM365 .31,10.1.139.31,3656,,,,,,
1139 Republic Brick C2 .20,10.1.139.20,2455,,,,,,
1134 Hwy HH C9 .96,10.1.134.96,924,,,,,,
1134 Hwy HH C9 .95,10.1.134.95,915,,,,,,
1134 Hwy HH C9 .94,10.1.134.94,906,,,,,,
1134 Hwy HH C9 .93,10.1.134.93,None,,,,,,
1134 Hwy HH C9 .92,10.1.134.92,915,,,,,,
1134 Hwy HH C9 .91,10.1.134.91,None,,,,,,
1134 Hwy HH C5 .50,10.1.134.50,5300,,,,,,
1134 Hwy HH NSM365 .31,10.1.134.31,3656,,,,,,
1134 Hwy HH C2+ .20,10.1.134.20,2457,,,,,,
1132 Oak Leaf Lane C9 .96,10.1.132.96,924,,,,,,
1132 Oak Leaf Lane C9 .95,10.1.132.95,915,,,,,,
1132 Oak Leaf Lane C9 .94,10.1.132.94,906,,,,,,
1132 Oak Leaf Lane C9 .93,10.1.132.93,924,,,,,,
1132 Oak Leaf Lane C9 .92,10.1.132.92,None,,,,,,
1132 Oak Leaf Lane C9 .91,10.1.132.91,906,,,,,,
1132 Oak Leaf Lane C2 .26,10.1.132.26,2437,,,,,,
1132 Oak Leaf Lane C2 .25,10.1.132.25,2415,,,,,,
1132 Oak Leaf Lane C2 .24,10.1.132.24,2437,,,,,,
1132 Oak Leaf Lane C2 .23,10.1.132.23,2415,,,,,,
1132 Oak Leaf Lane C2 .22,10.1.132.22,2437,,,,,,
1132 Oak Leaf Lane C2 .21,10.1.132.21,2415,,,,,,
1130 Somer Lane C9 .96,10.1.130.96,915,,,,,,
1130 Somer Lane C9 .95,10.1.130.95,None,,,,,,
1130 Somer Lane C9 .94,10.1.130.94,915,,,,,,
1130 Somer Lane C9 .93,10.1.130.93,906,,,,,,
1130 Somer Lane C9 .90,10.1.130.90,924,,,,,,
1130 Somer Lane C2 .20,10.1.130.20,2415,,,,,,
1126 Paris Springs C9 .96,10.1.126.96,924,,,,,,
1126 Paris Springs C9 .95,10.1.126.95,None,,,,,,
1126 Paris Springs C9 .94,10.1.126.94,None,,,,,,
1126 Paris Springs C9 .93,10.1.126.93,924,,,,,,
1126 Paris Springs C9 .92,10.1.126.92,915,,,,,,
1126 Paris Springs C9 .91,10.1.126.91,906,,,,,,
1126 Paris Springs C2+ .20,10.1.126.20,2417,,,,,,
1012 Marionville C9 .96,10.1.12.96,915,,,,,,
1012 Marionville C9 .90,10.1.12.90,924,,,,,,
1012 Marionville NBM5 .54,10.1.12.54,5215,,,,,,
1012 Marionville RM5 .53,10.1.12.53,5690,,,,,,
1012 Marionville RM5 .52,10.1.12.52,5175,,,,,,
1012 Marionville RM5 .51,10.1.12.51,5160,,,,,,
1012 Marionville C5 .50,10.1.12.50,5305,,,,,,
1118 Shield C9 .96,10.1.118.96,906,,,,,,
1118 Shield C2 .20,10.1.118.20,2457,,,,,,
1116 Sarcoxie C9 .96,10.1.116.96,915,,,,,,
1116 Sarcoxie C9 .95,10.1.116.95,906,,,,,,
1116 Sarcoxie C9 .94,10.1.116.94,924,,,,,,
1116 Sarcoxie C9 .93,10.1.116.93,915,,,,,,
1116 Sarcoxie C9 .92,10.1.116.92,906,,,,,,
1116 Sarcoxie C9 .91,10.1.116.91,924,,,,,,
1116 Sarcoxie C2 .20,10.1.116.20,2415,,,,,,
1010 Skylight Farm RM2 .20,10.1.10.20,2437,,,,,,
1001 Republic W C9 .96,10.1.1.96,924,,,,,,
1001 Republic W C9 .94,10.1.1.94,915,,,,,,
1001 Republic W C9 .93,10.1.1.93,924,,,,,,
1001 Republic W C9 .91,10.1.1.91,915,,,,,,
1001 Republic W PBEM5 .54,10.1.1.54,5170,,,,,,
1001 Republic W NSM5 .51,10.1.1.51,5160,,,,,,
1001 Republic W RM2 .25,10.1.1.25,2462,,,,,,
1001 Republic W RM2 .23,10.1.1.23,2437,,,,,,
1001 Republic W RM2 .21,10.1.1.21,2412,,,,,,
1001 Republic W PBEM5 .163,10.1.1.163,5225,,,,,,
1001 Republic W PBEM5 .162,10.1.1.162,5225,,,,,,
